industry,price_tier,metric_id,category,name,unit,description,low,median,high,insight
Fashion,Budget,cac,Acquisition,Customer Acquisition Cost (CAC),€,Total marketing spend divided by new customers acquired.,20,40,60,Low margins require highly efficient acquisition.
Fashion,Mid-Range,cac,Acquisition,Customer Acquisition Cost (CAC),€,Total marketing spend divided by new customers acquired.,30,45,70,Standard range for branded mid-market apparel.
Fashion,Luxury,cac,Acquisition,Customer Acquisition Cost (CAC),€,Total marketing spend divided by new customers acquired.,80,150,300,High LTV justifies significant upfront investment.
Fashion,Budget,roas,Acquisition,Blended ROAS,x,Total revenue divided by total marketing spend.,3.5,5.0,7.0,Volume-driven models need high efficiency.
Fashion,Mid-Range,roas,Acquisition,Blended ROAS,x,Total revenue divided by total marketing spend.,3.0,4.0,5.5,Healthy balance of brand and performance.
Fashion,Luxury,roas,Acquisition,Blended ROAS,x,Total revenue divided by total marketing spend.,2.0,3.0,4.5,Brand equity investment lowers immediate ROAS.
Fashion,Budget,marketing_spend,Acquisition,Marketing % of Revenue,%,Total marketing budget as a percentage of gross revenue.,10,15,20,Tight controls on spend.
Fashion,Mid-Range,marketing_spend,Acquisition,Marketing % of Revenue,%,Total marketing budget as a percentage of gross revenue.,15,20,25,Growth-focused allocation.
Fashion,Luxury,marketing_spend,Acquisition,Marketing % of Revenue,%,Total marketing budget as a percentage of gross revenue.,12,18,25,Significant spend on brand awareness.
Fashion,Budget,conv_rate,Conversion,Conversion Rate (Desktop),%,Percentage of desktop visitors who make a purchase.,2.5,3.5,5.0,Impulse buys drive higher conversion.
Fashion,Mid-Range,conv_rate,Conversion,Conversion Rate (Desktop),%,Percentage of desktop visitors who make a purchase.,1.8,2.4,3.5,Considered purchases take longer.
Fashion,Luxury,conv_rate,Conversion,Conversion Rate (Desktop),%,Percentage of desktop visitors who make a purchase.,0.8,1.2,1.8,Exclusive nature means lower volume.
Fashion,Budget,mobile_conv,Conversion,Conversion Rate (Mobile),%,Percentage of mobile visitors who make a purchase.,1.5,2.2,3.0,Mobile-first audience.
Fashion,Mid-Range,mobile_conv,Conversion,Conversion Rate (Mobile),%,Percentage of mobile visitors who make a purchase.,1.0,1.5,2.2,Gap between desktop and mobile is common.
Fashion,Luxury,mobile_conv,Conversion,Conversion Rate (Mobile),%,Percentage of mobile visitors who make a purchase.,0.4,0.7,1.0,Research on mobile; buy on desktop.
Fashion,Budget,cart_abandon,Conversion,Cart Abandonment Rate,%,Percentage of carts created that are not purchased.,65,70,75,Price sensitivity drives abandonment.
Fashion,Mid-Range,cart_abandon,Conversion,Cart Abandonment Rate,%,Percentage of carts created that are not purchased.,70,75,80,Comparison shopping is prevalent.
Fashion,Luxury,cart_abandon,Conversion,Cart Abandonment Rate,%,Percentage of carts created that are not purchased.,75,80,85,High consideration period.
Fashion,Budget,aov,Conversion,Average Order Value (AOV),€,Average revenue per transaction.,40,55,70,Multiple items per basket.
Fashion,Mid-Range,aov,Conversion,Average Order Value (AOV),€,Average revenue per transaction.,80,110,150,Core benchmark for mid-market.
Fashion,Luxury,aov,Conversion,Average Order Value (AOV),€,Average revenue per transaction.,300,500,1000,Single item value drives AOV.
Fashion,Budget,repeat_rate,Retention,Repeat Customer Rate,%,Percentage of customers who buy more than once.,20,25,35,Low loyalty; high churn.
Fashion,Mid-Range,repeat_rate,Retention,Repeat Customer Rate,%,Percentage of customers who buy more than once.,25,35,45,Brand affinity builds retention.
Fashion,Luxury,repeat_rate,Retention,Repeat Customer Rate,%,Percentage of customers who buy more than once.,30,45,60,High loyalty among core clientele.
Fashion,Budget,purchase_freq,Retention,Purchase Frequency,#/yr,Average number of orders per customer per year.,1.8,2.5,3.5,Frequent low-value purchases.
Fashion,Mid-Range,purchase_freq,Retention,Purchase Frequency,#/yr,Average number of orders per customer per year.,1.5,2.1,2.8,Seasonal purchasing patterns.
Fashion,Luxury,purchase_freq,Retention,Purchase Frequency,#/yr,Average number of orders per customer per year.,1.1,1.4,1.8,Occasional investment pieces.
Fashion,Budget,churn_rate,Retention,Annual Churn Rate,%,Percentage of customers who do not return within 12 months.,60,70,80,High churn is typical; focus on acquisition volume.
Fashion,Mid-Range,churn_rate,Retention,Annual Churn Rate,%,Percentage of customers who do not return within 12 months.,40,50,60,Retention is key to profitability.
Fashion,Luxury,churn_rate,Retention,Annual Churn Rate,%,Percentage of customers who do not return within 12 months.,20,30,40,Client relationships reduce churn significantly.
Fashion,Budget,return_rate,Economics,Return Rate,%,Percentage of items returned.,15,20,25,Fit issues common.
Fashion,Mid-Range,return_rate,Economics,Return Rate,%,Percentage of items returned.,20,25,35,Free returns encourage ordering multiple sizes.
Fashion,Luxury,return_rate,Economics,Return Rate,%,Percentage of items returned.,25,30,40,High expectations drive returns.
Fashion,Budget,gross_margin,Economics,Gross Margin,%,Revenue minus Cost of Goods Sold (COGS).,45,50,55,Volume play.
Fashion,Mid-Range,gross_margin,Economics,Gross Margin,%,Revenue minus Cost of Goods Sold (COGS).,55,60,65,Healthy margins for branding.
Fashion,Luxury,gross_margin,Economics,Gross Margin,%,Revenue minus Cost of Goods Sold (COGS).,70,75,85,Brand premium drives high margins.
Fashion,Budget,ltv_cac,Strategic Efficiency,LTV:CAC Ratio,x,Lifetime Value divided by Customer Acquisition Cost.,2.5,3.5,5.0,High volume requires strong unit economics.
Fashion,Mid-Range,ltv_cac,Strategic Efficiency,LTV:CAC Ratio,x,Lifetime Value divided by Customer Acquisition Cost.,3.0,4.0,6.0,Healthy growth engine.
Fashion,Luxury,ltv_cac,Strategic Efficiency,LTV:CAC Ratio,x,Lifetime Value divided by Customer Acquisition Cost.,3.5,5.0,8.0,Exceptional brand value drives high ratios.
Fashion,Budget,mer,Strategic Efficiency,Marketing Efficiency Ratio (MER),x,Total Revenue / Total Marketing Spend.,4.0,6.0,9.0,Must be high to sustain low margins.
Fashion,Mid-Range,mer,Strategic Efficiency,Marketing Efficiency Ratio (MER),x,Total Revenue / Total Marketing Spend.,3.5,5.0,7.0,Balanced growth and profitability.
Fashion,Luxury,mer,Strategic Efficiency,Marketing Efficiency Ratio (MER),x,Total Revenue / Total Marketing Spend.,2.5,4.0,6.0,Brand building investment lowers short-term MER.
Fashion,Budget,email_rev_share,Channel Mix,Email Revenue Share,%,Percentage of total revenue attributed to Email Marketing.,15,20,30,Critical for low-cost retention.
Fashion,Mid-Range,email_rev_share,Channel Mix,Email Revenue Share,%,Percentage of total revenue attributed to Email Marketing.,20,25,35,The backbone of profitable growth.
Fashion,Luxury,email_rev_share,Channel Mix,Email Revenue Share,%,Percentage of total revenue attributed to Email Marketing.,10,15,25,Personalized clienteling drives this.
Fashion,Budget,sms_rev_share,Channel Mix,SMS Revenue Share,%,Percentage of total revenue attributed to SMS Marketing.,2,5,10,High impact for flash sales.
Fashion,Mid-Range,sms_rev_share,Channel Mix,SMS Revenue Share,%,Percentage of total revenue attributed to SMS Marketing.,3,7,12,Growing channel for engagement.
Fashion,Luxury,sms_rev_share,Channel Mix,SMS Revenue Share,%,Percentage of total revenue attributed to SMS Marketing.,1,3,5,Used sparingly for VIP service.
Home,Budget,cac,Acquisition,Customer Acquisition Cost (CAC),€,Total marketing spend divided by new customers acquired.,20,35,55,Lower frequency purchases increase acquisition cost.
Home,Mid-Range,cac,Acquisition,Customer Acquisition Cost (CAC),€,Total marketing spend divided by new customers acquired.,45,65,95,Considered purchases require more touchpoints.
Home,Luxury,cac,Acquisition,Customer Acquisition Cost (CAC),€,Total marketing spend divided by new customers acquired.,120,220,400,Premium positioning demands high-touch marketing.
Home,Budget,roas,Acquisition,Blended ROAS,x,Total revenue divided by total marketing spend.,3.0,4.5,6.5,Seasonal peaks boost efficiency.
Home,Mid-Range,roas,Acquisition,Blended ROAS,x,Total revenue divided by total marketing spend.,2.5,3.5,5.0,Longer sales cycles reduce immediate ROAS.
Home,Luxury,roas,Acquisition,Blended ROAS,x,Total revenue divided by total marketing spend.,1.8,2.5,4.0,Brand and showroom investment lowers digital ROAS.
Home,Budget,marketing_spend,Acquisition,Marketing % of Revenue,%,Total marketing budget as a percentage of gross revenue.,12,18,25,Competitive market requires sustained presence.
Home,Mid-Range,marketing_spend,Acquisition,Marketing % of Revenue,%,Total marketing budget as a percentage of gross revenue.,18,24,30,Lifestyle positioning drives higher spend.
Home,Luxury,marketing_spend,Acquisition,Marketing % of Revenue,%,Total marketing budget as a percentage of gross revenue.,15,22,30,Showroom and brand experience investment.
Home,Budget,conv_rate,Conversion,Conversion Rate (Desktop),%,Percentage of desktop visitors who make a purchase.,1.8,2.8,4.2,Research phase leads to moderate conversion.
Home,Mid-Range,conv_rate,Conversion,Conversion Rate (Desktop),%,Percentage of desktop visitors who make a purchase.,1.2,1.8,2.8,High consideration category.
Home,Luxury,conv_rate,Conversion,Conversion Rate (Desktop),%,Percentage of desktop visitors who make a purchase.,0.5,0.9,1.4,Showroom visits and consultations lower online conversion.
Home,Budget,mobile_conv,Conversion,Conversion Rate (Mobile),%,Percentage of mobile visitors who make a purchase.,1.0,1.6,2.4,Mobile for inspiration; desktop for purchase.
Home,Mid-Range,mobile_conv,Conversion,Conversion Rate (Mobile),%,Percentage of mobile visitors who make a purchase.,0.7,1.2,1.8,Tablet and desktop preferred for larger purchases.
Home,Luxury,mobile_conv,Conversion,Conversion Rate (Mobile),%,Percentage of mobile visitors who make a purchase.,0.3,0.5,0.8,Desktop dominates luxury home purchases.
Home,Budget,cart_abandon,Conversion,Cart Abandonment Rate,%,Percentage of carts created that are not purchased.,68,73,78,Shipping costs major barrier.
Home,Mid-Range,cart_abandon,Conversion,Cart Abandonment Rate,%,Percentage of carts created that are not purchased.,73,78,83,Extended consideration period.
Home,Luxury,cart_abandon,Conversion,Cart Abandonment Rate,%,Percentage of carts created that are not purchased.,78,83,88,Consultation and customization needs.
Home,Budget,aov,Conversion,Average Order Value (AOV),€,Average revenue per transaction.,65,85,110,Room refresh purchases.
Home,Mid-Range,aov,Conversion,Average Order Value (AOV),€,Average revenue per transaction.,130,170,230,Coordinated home styling.
Home,Luxury,aov,Conversion,Average Order Value (AOV),€,Average revenue per transaction.,450,750,1500,Statement pieces and collections.
Home,Budget,repeat_rate,Retention,Repeat Customer Rate,%,Percentage of customers who buy more than once.,15,20,28,Infrequent category need.
Home,Mid-Range,repeat_rate,Retention,Repeat Customer Rate,%,Percentage of customers who buy more than once.,20,28,38,Room-by-room purchasing builds loyalty.
Home,Luxury,repeat_rate,Retention,Repeat Customer Rate,%,Percentage of customers who buy more than once.,25,38,50,Collection building drives repeat purchases.
Home,Budget,purchase_freq,Retention,Purchase Frequency,#/yr,Average number of orders per customer per year.,1.2,1.8,2.6,Seasonal and need-based purchases.
Home,Mid-Range,purchase_freq,Retention,Purchase Frequency,#/yr,Average number of orders per customer per year.,1.0,1.5,2.2,Project-based purchasing.
Home,Luxury,purchase_freq,Retention,Purchase Frequency,#/yr,Average number of orders per customer per year.,0.8,1.1,1.5,Occasional investment pieces.
Home,Budget,churn_rate,Retention,Annual Churn Rate,%,Percentage of customers who do not return within 12 months.,65,75,85,Infrequent need drives high churn.
Home,Mid-Range,churn_rate,Retention,Annual Churn Rate,%,Percentage of customers who do not return within 12 months.,50,60,70,Project completion reduces return rate.
Home,Luxury,churn_rate,Retention,Annual Churn Rate,%,Percentage of customers who do not return within 12 months.,30,40,50,Relationship building reduces churn.
Home,Budget,return_rate,Economics,Return Rate,%,Percentage of items returned.,12,16,22,Size and fit less critical.
Home,Mid-Range,return_rate,Economics,Return Rate,%,Percentage of items returned.,16,22,30,Color and material expectations.
Home,Luxury,return_rate,Economics,Return Rate,%,Percentage of items returned.,20,26,35,High expectations for quality and finish.
Home,Budget,gross_margin,Economics,Gross Margin,%,Revenue minus Cost of Goods Sold (COGS).,40,46,52,Competitive pricing pressure.
Home,Mid-Range,gross_margin,Economics,Gross Margin,%,Revenue minus Cost of Goods Sold (COGS).,50,56,62,Design and curation add value.
Home,Luxury,gross_margin,Economics,Gross Margin,%,Revenue minus Cost of Goods Sold (COGS).,65,72,82,Brand and craftsmanship premium.
Home,Budget,ltv_cac,Strategic Efficiency,LTV:CAC Ratio,x,Lifetime Value divided by Customer Acquisition Cost.,2.0,3.0,4.5,Lower frequency requires efficiency.
Home,Mid-Range,ltv_cac,Strategic Efficiency,LTV:CAC Ratio,x,Lifetime Value divided by Customer Acquisition Cost.,2.5,3.5,5.5,Room completion drives LTV.
Home,Luxury,ltv_cac,Strategic Efficiency,LTV:CAC Ratio,x,Lifetime Value divided by Customer Acquisition Cost.,3.0,4.5,7.5,Collection building creates long-term value.
Home,Budget,mer,Strategic Efficiency,Marketing Efficiency Ratio (MER),x,Total Revenue / Total Marketing Spend.,3.5,5.5,8.5,Seasonal efficiency critical.
Home,Mid-Range,mer,Strategic Efficiency,Marketing Efficiency Ratio (MER),x,Total Revenue / Total Marketing Spend.,3.0,4.5,6.5,Balanced brand and performance.
Home,Luxury,mer,Strategic Efficiency,Marketing Efficiency Ratio (MER),x,Total Revenue / Total Marketing Spend.,2.2,3.5,5.5,Showroom and experience investment.
Home,Budget,email_rev_share,Channel Mix,Email Revenue Share,%,Percentage of total revenue attributed to Email Marketing.,18,24,35,Promotional focus drives email.
Home,Mid-Range,email_rev_share,Channel Mix,Email Revenue Share,%,Percentage of total revenue attributed to Email Marketing.,22,28,40,Inspiration and seasonal campaigns.
Home,Luxury,email_rev_share,Channel Mix,Email Revenue Share,%,Percentage of total revenue attributed to Email Marketing.,12,18,28,Personalized curation and launches.
Home,Budget,sms_rev_share,Channel Mix,SMS Revenue Share,%,Percentage of total revenue attributed to SMS Marketing.,1,3,8,Flash sales and clearance.
Home,Mid-Range,sms_rev_share,Channel Mix,SMS Revenue Share,%,Percentage of total revenue attributed to SMS Marketing.,2,5,10,New arrivals and limited editions.
Home,Luxury,sms_rev_share,Channel Mix,SMS Revenue Share,%,Percentage of total revenue attributed to SMS Marketing.,1,2,4,VIP previews only.
Beauty,Budget,cac,Acquisition,Customer Acquisition Cost (CAC),€,Total marketing spend divided by new customers acquired.,12,22,35,High repeat potential justifies lower CAC targets.
Beauty,Mid-Range,cac,Acquisition,Customer Acquisition Cost (CAC),€,Total marketing spend divided by new customers acquired.,25,40,60,Brand storytelling increases touchpoints.
Beauty,Luxury,cac,Acquisition,Customer Acquisition Cost (CAC),€,Total marketing spend divided by new customers acquired.,60,110,200,Prestige positioning demands premium channels.
Beauty,Budget,roas,Acquisition,Blended ROAS,x,Total revenue divided by total marketing spend.,4.0,6.0,8.5,Replenishment cycles boost efficiency.
Beauty,Mid-Range,roas,Acquisition,Blended ROAS,x,Total revenue divided by total marketing spend.,3.5,5.0,7.0,Loyalty programs enhance returns.
Beauty,Luxury,roas,Acquisition,Blended ROAS,x,Total revenue divided by total marketing spend.,2.5,3.5,5.0,Sampling and experience investment impacts ROAS.
Beauty,Budget,marketing_spend,Acquisition,Marketing % of Revenue,%,Total marketing budget as a percentage of gross revenue.,12,18,24,Social-first acquisition keeps costs low.
Beauty,Mid-Range,marketing_spend,Acquisition,Marketing % of Revenue,%,Total marketing budget as a percentage of gross revenue.,18,25,32,Influencer partnerships drive spend.
Beauty,Luxury,marketing_spend,Acquisition,Marketing % of Revenue,%,Total marketing budget as a percentage of gross revenue.,15,22,30,Editorial and PR investment significant.
Beauty,Budget,conv_rate,Conversion,Conversion Rate (Desktop),%,Percentage of desktop visitors who make a purchase.,3.0,4.2,5.8,Impulse purchases common in skincare.
Beauty,Mid-Range,conv_rate,Conversion,Conversion Rate (Desktop),%,Percentage of desktop visitors who make a purchase.,2.2,3.2,4.5,Reviews and UGC boost conversion.
Beauty,Luxury,conv_rate,Conversion,Conversion Rate (Desktop),%,Percentage of desktop visitors who make a purchase.,1.0,1.6,2.4,Consultation needs slow conversion.
Beauty,Budget,mobile_conv,Conversion,Conversion Rate (Mobile),%,Percentage of mobile visitors who make a purchase.,2.0,2.8,4.0,Social commerce drives mobile sales.
Beauty,Mid-Range,mobile_conv,Conversion,Conversion Rate (Mobile),%,Percentage of mobile visitors who make a purchase.,1.4,2.1,3.0,Instagram shopping integration key.
Beauty,Luxury,mobile_conv,Conversion,Conversion Rate (Mobile),%,Percentage of mobile visitors who make a purchase.,0.6,1.0,1.5,Counter and boutique visits preferred.
Beauty,Budget,cart_abandon,Conversion,Cart Abandonment Rate,%,Percentage of carts created that are not purchased.,72,78,83,Free shipping thresholds manageable.
Beauty,Mid-Range,cart_abandon,Conversion,Cart Abandonment Rate,%,Percentage of carts created that are not purchased.,75,81,86,GWP offers reduce abandonment.
Beauty,Luxury,cart_abandon,Conversion,Cart Abandonment Rate,%,Percentage of carts created that are not purchased.,78,84,89,High price points increase hesitation.
Beauty,Budget,aov,Conversion,Average Order Value (AOV),€,Average revenue per transaction.,32,45,62,Multi-product routines build baskets.
Beauty,Mid-Range,aov,Conversion,Average Order Value (AOV),€,Average revenue per transaction.,58,78,105,Skincare sets drive AOV.
Beauty,Luxury,aov,Conversion,Average Order Value (AOV),€,Average revenue per transaction.,120,180,280,Premium serums and treatments.
Beauty,Budget,repeat_rate,Retention,Repeat Customer Rate,%,Percentage of customers who buy more than once.,30,40,52,Replenishment cycles drive loyalty.
Beauty,Mid-Range,repeat_rate,Retention,Repeat Customer Rate,%,Percentage of customers who buy more than once.,35,48,60,Subscription options boost retention.
Beauty,Luxury,repeat_rate,Retention,Repeat Customer Rate,%,Percentage of customers who buy more than once.,40,55,70,Brand devotion in prestige beauty.
Beauty,Budget,purchase_freq,Retention,Purchase Frequency,#/yr,Average number of orders per customer per year.,2.5,3.5,5.0,Monthly replenishment common.
Beauty,Mid-Range,purchase_freq,Retention,Purchase Frequency,#/yr,Average number of orders per customer per year.,2.2,3.0,4.2,Seasonal launches drive frequency.
Beauty,Luxury,purchase_freq,Retention,Purchase Frequency,#/yr,Average number of orders per customer per year.,1.8,2.5,3.5,Quarterly luxury rituals.
Beauty,Budget,churn_rate,Retention,Annual Churn Rate,%,Percentage of customers who do not return within 12 months.,45,55,65,Replenishment reduces churn.
Beauty,Mid-Range,churn_rate,Retention,Annual Churn Rate,%,Percentage of customers who do not return within 12 months.,35,45,55,Loyalty programs retain customers.
Beauty,Luxury,churn_rate,Retention,Annual Churn Rate,%,Percentage of customers who do not return within 12 months.,25,35,45,Brand devotion minimizes churn.
Beauty,Budget,return_rate,Economics,Return Rate,%,Percentage of items returned.,5,8,12,Low returns in consumables.
Beauty,Mid-Range,return_rate,Economics,Return Rate,%,Percentage of items returned.,8,12,18,Shade matching issues moderate.
Beauty,Luxury,return_rate,Economics,Return Rate,%,Percentage of items returned.,10,15,22,High expectations for efficacy.
Beauty,Budget,gross_margin,Economics,Gross Margin,%,Revenue minus Cost of Goods Sold (COGS).,55,62,70,Volume manufacturing efficiency.
Beauty,Mid-Range,gross_margin,Economics,Gross Margin,%,Revenue minus Cost of Goods Sold (COGS).,65,72,78,Formulation IP adds value.
Beauty,Luxury,gross_margin,Economics,Gross Margin,%,Revenue minus Cost of Goods Sold (COGS).,75,82,88,Prestige pricing power.
Beauty,Budget,ltv_cac,Strategic Efficiency,LTV:CAC Ratio,x,Lifetime Value divided by Customer Acquisition Cost.,3.5,5.0,7.0,High repeat drives strong LTV.
Beauty,Mid-Range,ltv_cac,Strategic Efficiency,LTV:CAC Ratio,x,Lifetime Value divided by Customer Acquisition Cost.,4.0,5.5,8.0,Subscription models excel.
Beauty,Luxury,ltv_cac,Strategic Efficiency,LTV:CAC Ratio,x,Lifetime Value divided by Customer Acquisition Cost.,4.5,6.5,10.0,Lifetime devotees create exceptional value.
Beauty,Budget,mer,Strategic Efficiency,Marketing Efficiency Ratio (MER),x,Total Revenue / Total Marketing Spend.,4.5,6.5,9.5,Organic social amplifies paid.
Beauty,Mid-Range,mer,Strategic Efficiency,Marketing Efficiency Ratio (MER),x,Total Revenue / Total Marketing Spend.,3.5,5.0,7.5,Influencer partnerships scale.
Beauty,Luxury,mer,Strategic Efficiency,Marketing Efficiency Ratio (MER),x,Total Revenue / Total Marketing Spend.,2.8,4.2,6.5,Editorial investment requires patience.
Beauty,Budget,email_rev_share,Channel Mix,Email Revenue Share,%,Percentage of total revenue attributed to Email Marketing.,20,28,38,Replenishment reminders key.
Beauty,Mid-Range,email_rev_share,Channel Mix,Email Revenue Share,%,Percentage of total revenue attributed to Email Marketing.,25,32,42,Personalized routines drive email.
Beauty,Luxury,email_rev_share,Channel Mix,Email Revenue Share,%,Percentage of total revenue attributed to Email Marketing.,15,22,32,Exclusive launches via email.
Beauty,Budget,sms_rev_share,Channel Mix,SMS Revenue Share,%,Percentage of total revenue attributed to SMS Marketing.,3,7,14,Flash sales and restocks.
Beauty,Mid-Range,sms_rev_share,Channel Mix,SMS Revenue Share,%,Percentage of total revenue attributed to SMS Marketing.,4,9,16,New launch alerts effective.
Beauty,Luxury,sms_rev_share,Channel Mix,SMS Revenue Share,%,Percentage of total revenue attributed to SMS Marketing.,2,4,8,VIP early access only.
Electronics,Budget,cac,Acquisition,Customer Acquisition Cost (CAC),€,Total marketing spend divided by new customers acquired.,15,28,45,Price comparison drives channel mix.
Electronics,Mid-Range,cac,Acquisition,Customer Acquisition Cost (CAC),€,Total marketing spend divided by new customers acquired.,35,55,85,Feature education increases touchpoints.
Electronics,Luxury,cac,Acquisition,Customer Acquisition Cost (CAC),€,Total marketing spend divided by new customers acquired.,80,140,250,Tech enthusiast targeting is precise.
Electronics,Budget,roas,Acquisition,Blended ROAS,x,Total revenue divided by total marketing spend.,5.0,7.5,11.0,High AOV boosts efficiency.
Electronics,Mid-Range,roas,Acquisition,Blended ROAS,x,Total revenue divided by total marketing spend.,4.0,6.0,9.0,Seasonal peaks (Black Friday) skew annual.
Electronics,Luxury,roas,Acquisition,Blended ROAS,x,Total revenue divided by total marketing spend.,3.0,4.5,7.0,Launch cycles drive variation.
Electronics,Budget,marketing_spend,Acquisition,Marketing % of Revenue,%,Total marketing budget as a percentage of gross revenue.,6,10,14,Thin margins limit spend.
Electronics,Mid-Range,marketing_spend,Acquisition,Marketing % of Revenue,%,Total marketing budget as a percentage of gross revenue.,8,13,18,Product launches require investment.
Electronics,Luxury,marketing_spend,Acquisition,Marketing % of Revenue,%,Total marketing budget as a percentage of gross revenue.,10,16,22,Brand positioning for premium.
Electronics,Budget,conv_rate,Conversion,Conversion Rate (Desktop),%,Percentage of desktop visitors who make a purchase.,2.0,3.0,4.5,Price-driven decisions convert well.
Electronics,Mid-Range,conv_rate,Conversion,Conversion Rate (Desktop),%,Percentage of desktop visitors who make a purchase.,1.5,2.2,3.2,Spec comparison slows funnel.
Electronics,Luxury,conv_rate,Conversion,Conversion Rate (Desktop),%,Percentage of desktop visitors who make a purchase.,0.8,1.3,2.0,High research phase.
Electronics,Budget,mobile_conv,Conversion,Conversion Rate (Mobile),%,Percentage of mobile visitors who make a purchase.,1.2,1.8,2.8,Quick accessory purchases.
Electronics,Mid-Range,mobile_conv,Conversion,Conversion Rate (Mobile),%,Percentage of mobile visitors who make a purchase.,0.8,1.3,2.0,Desktop preferred for research.
Electronics,Luxury,mobile_conv,Conversion,Conversion Rate (Mobile),%,Percentage of mobile visitors who make a purchase.,0.4,0.7,1.2,Complex specs need larger screens.
Electronics,Budget,cart_abandon,Conversion,Cart Abandonment Rate,%,Percentage of carts created that are not purchased.,72,77,82,Price comparison abandonment high.
Electronics,Mid-Range,cart_abandon,Conversion,Cart Abandonment Rate,%,Percentage of carts created that are not purchased.,75,80,85,Spec comparison drives abandonment.
Electronics,Luxury,cart_abandon,Conversion,Cart Abandonment Rate,%,Percentage of carts created that are not purchased.,78,83,88,High ticket hesitation.
Electronics,Budget,aov,Conversion,Average Order Value (AOV),€,Average revenue per transaction.,45,70,100,Accessories and cables.
Electronics,Mid-Range,aov,Conversion,Average Order Value (AOV),€,Average revenue per transaction.,150,250,400,Smartphones and tablets.
Electronics,Luxury,aov,Conversion,Average Order Value (AOV),€,Average revenue per transaction.,500,900,1800,Premium laptops and audio.
Electronics,Budget,repeat_rate,Retention,Repeat Customer Rate,%,Percentage of customers who buy more than once.,15,22,30,Accessory repurchase common.
Electronics,Mid-Range,repeat_rate,Retention,Repeat Customer Rate,%,Percentage of customers who buy more than once.,18,26,36,Ecosystem lock-in helps.
Electronics,Luxury,repeat_rate,Retention,Repeat Customer Rate,%,Percentage of customers who buy more than once.,22,32,45,Brand loyalists upgrade regularly.
Electronics,Budget,purchase_freq,Retention,Purchase Frequency,#/yr,Average number of orders per customer per year.,1.3,1.8,2.5,Cable and accessory refills.
Electronics,Mid-Range,purchase_freq,Retention,Purchase Frequency,#/yr,Average number of orders per customer per year.,1.0,1.4,2.0,Annual upgrade cycles.
Electronics,Luxury,purchase_freq,Retention,Purchase Frequency,#/yr,Average number of orders per customer per year.,0.8,1.1,1.5,Multi-year replacement cycles.
Electronics,Budget,churn_rate,Retention,Annual Churn Rate,%,Percentage of customers who do not return within 12 months.,65,75,85,Infrequent purchase category.
Electronics,Mid-Range,churn_rate,Retention,Annual Churn Rate,%,Percentage of customers who do not return within 12 months.,55,65,75,Upgrade cycles help retention.
Electronics,Luxury,churn_rate,Retention,Annual Churn Rate,%,Percentage of customers who do not return within 12 months.,45,55,65,Brand ecosystem reduces churn.
Electronics,Budget,return_rate,Economics,Return Rate,%,Percentage of items returned.,10,14,20,Compatibility issues drive returns.
Electronics,Mid-Range,return_rate,Economics,Return Rate,%,Percentage of items returned.,12,18,25,Feature mismatch common.
Electronics,Luxury,return_rate,Economics,Return Rate,%,Percentage of items returned.,8,13,18,Informed buyers return less.
Electronics,Budget,gross_margin,Economics,Gross Margin,%,Revenue minus Cost of Goods Sold (COGS).,15,22,30,Commodity pricing pressure.
Electronics,Mid-Range,gross_margin,Economics,Gross Margin,%,Revenue minus Cost of Goods Sold (COGS).,22,30,40,Brand premium possible.
Electronics,Luxury,gross_margin,Economics,Gross Margin,%,Revenue minus Cost of Goods Sold (COGS).,35,45,55,Innovation premium pricing.
Electronics,Budget,ltv_cac,Strategic Efficiency,LTV:CAC Ratio,x,Lifetime Value divided by Customer Acquisition Cost.,2.0,3.0,4.5,Accessory margins help LTV.
Electronics,Mid-Range,ltv_cac,Strategic Efficiency,LTV:CAC Ratio,x,Lifetime Value divided by Customer Acquisition Cost.,2.5,3.5,5.5,Ecosystem expansion drives value.
Electronics,Luxury,ltv_cac,Strategic Efficiency,LTV:CAC Ratio,x,Lifetime Value divided by Customer Acquisition Cost.,3.0,4.5,7.0,Loyal upgraders maximize LTV.
Electronics,Budget,mer,Strategic Efficiency,Marketing Efficiency Ratio (MER),x,Total Revenue / Total Marketing Spend.,6.0,9.0,14.0,High AOV drives efficiency.
Electronics,Mid-Range,mer,Strategic Efficiency,Marketing Efficiency Ratio (MER),x,Total Revenue / Total Marketing Spend.,5.0,7.5,11.0,Launch periods vary significantly.
Electronics,Luxury,mer,Strategic Efficiency,Marketing Efficiency Ratio (MER),x,Total Revenue / Total Marketing Spend.,4.0,6.0,9.0,Brand investment required.
Electronics,Budget,email_rev_share,Channel Mix,Email Revenue Share,%,Percentage of total revenue attributed to Email Marketing.,12,18,26,Deal alerts effective.
Electronics,Mid-Range,email_rev_share,Channel Mix,Email Revenue Share,%,Percentage of total revenue attributed to Email Marketing.,15,22,32,Launch notifications key.
Electronics,Luxury,email_rev_share,Channel Mix,Email Revenue Share,%,Percentage of total revenue attributed to Email Marketing.,10,16,25,Exclusive previews for VIPs.
Electronics,Budget,sms_rev_share,Channel Mix,SMS Revenue Share,%,Percentage of total revenue attributed to SMS Marketing.,2,4,8,Flash deals work well.
Electronics,Mid-Range,sms_rev_share,Channel Mix,SMS Revenue Share,%,Percentage of total revenue attributed to SMS Marketing.,2,5,10,Restock and launch alerts.
Electronics,Luxury,sms_rev_share,Channel Mix,SMS Revenue Share,%,Percentage of total revenue attributed to SMS Marketing.,1,2,5,Concierge service updates.
Sports,Budget,cac,Acquisition,Customer Acquisition Cost (CAC),€,Total marketing spend divided by new customers acquired.,18,32,50,Seasonal demand spikes acquisition.
Sports,Mid-Range,cac,Acquisition,Customer Acquisition Cost (CAC),€,Total marketing spend divided by new customers acquired.,30,50,80,Performance marketing effective.
Sports,Luxury,cac,Acquisition,Customer Acquisition Cost (CAC),€,Total marketing spend divided by new customers acquired.,70,130,220,Athlete endorsements drive cost.
Sports,Budget,roas,Acquisition,Blended ROAS,x,Total revenue divided by total marketing spend.,3.5,5.5,8.0,Seasonal peaks boost returns.
Sports,Mid-Range,roas,Acquisition,Blended ROAS,x,Total revenue divided by total marketing spend.,3.0,4.5,6.5,Year-round fitness market.
Sports,Luxury,roas,Acquisition,Blended ROAS,x,Total revenue divided by total marketing spend.,2.2,3.5,5.0,Premium positioning needs patience.
Sports,Budget,marketing_spend,Acquisition,Marketing % of Revenue,%,Total marketing budget as a percentage of gross revenue.,10,16,22,Competitive discounting market.
Sports,Mid-Range,marketing_spend,Acquisition,Marketing % of Revenue,%,Total marketing budget as a percentage of gross revenue.,14,20,28,Influencer and athlete partnerships.
Sports,Luxury,marketing_spend,Acquisition,Marketing % of Revenue,%,Total marketing budget as a percentage of gross revenue.,12,18,26,Premium brand building.
Sports,Budget,conv_rate,Conversion,Conversion Rate (Desktop),%,Percentage of desktop visitors who make a purchase.,2.2,3.2,4.6,Need-driven purchases convert.
Sports,Mid-Range,conv_rate,Conversion,Conversion Rate (Desktop),%,Percentage of desktop visitors who make a purchase.,1.6,2.4,3.5,Consideration for technical gear.
Sports,Luxury,conv_rate,Conversion,Conversion Rate (Desktop),%,Percentage of desktop visitors who make a purchase.,0.9,1.4,2.1,High-end equipment research phase.
Sports,Budget,mobile_conv,Conversion,Conversion Rate (Mobile),%,Percentage of mobile visitors who make a purchase.,1.4,2.1,3.0,Quick apparel purchases.
Sports,Mid-Range,mobile_conv,Conversion,Conversion Rate (Mobile),%,Percentage of mobile visitors who make a purchase.,1.0,1.5,2.3,Activewear impulse buys.
Sports,Luxury,mobile_conv,Conversion,Conversion Rate (Mobile),%,Percentage of mobile visitors who make a purchase.,0.5,0.8,1.3,Equipment needs desktop research.
Sports,Budget,cart_abandon,Conversion,Cart Abandonment Rate,%,Percentage of carts created that are not purchased.,66,72,78,Shipping costs impact.
Sports,Mid-Range,cart_abandon,Conversion,Cart Abandonment Rate,%,Percentage of carts created that are not purchased.,70,76,82,Size uncertainty adds friction.
Sports,Luxury,cart_abandon,Conversion,Cart Abandonment Rate,%,Percentage of carts created that are not purchased.,74,80,86,High ticket consideration.
Sports,Budget,aov,Conversion,Average Order Value (AOV),€,Average revenue per transaction.,50,72,95,Multi-item activewear orders.
Sports,Mid-Range,aov,Conversion,Average Order Value (AOV),€,Average revenue per transaction.,90,130,180,Technical apparel and footwear.
Sports,Luxury,aov,Conversion,Average Order Value (AOV),€,Average revenue per transaction.,250,400,700,Premium equipment and gear.
Sports,Budget,repeat_rate,Retention,Repeat Customer Rate,%,Percentage of customers who buy more than once.,22,30,40,Activewear replacement cycles.
Sports,Mid-Range,repeat_rate,Retention,Repeat Customer Rate,%,Percentage of customers who buy more than once.,28,38,50,Fitness community loyalty.
Sports,Luxury,repeat_rate,Retention,Repeat Customer Rate,%,Percentage of customers who buy more than once.,32,45,58,Enthusiast loyalty strong.
Sports,Budget,purchase_freq,Retention,Purchase Frequency,#/yr,Average number of orders per customer per year.,1.8,2.5,3.5,Seasonal gear updates.
Sports,Mid-Range,purchase_freq,Retention,Purchase Frequency,#/yr,Average number of orders per customer per year.,1.5,2.2,3.0,Training cycle purchases.
Sports,Luxury,purchase_freq,Retention,Purchase Frequency,#/yr,Average number of orders per customer per year.,1.2,1.7,2.4,Equipment upgrade cycles.
Sports,Budget,churn_rate,Retention,Annual Churn Rate,%,Percentage of customers who do not return within 12 months.,55,65,75,Seasonal buyer dropout.
Sports,Mid-Range,churn_rate,Retention,Annual Churn Rate,%,Percentage of customers who do not return within 12 months.,45,55,65,Fitness commitment varies.
Sports,Luxury,churn_rate,Retention,Annual Churn Rate,%,Percentage of customers who do not return within 12 months.,35,45,55,Enthusiast dedication reduces churn.
Sports,Budget,return_rate,Economics,Return Rate,%,Percentage of items returned.,14,19,26,Size and fit issues.
Sports,Mid-Range,return_rate,Economics,Return Rate,%,Percentage of items returned.,16,22,30,Technical fit requirements.
Sports,Luxury,return_rate,Economics,Return Rate,%,Percentage of items returned.,12,17,24,Informed buyers return less.
Sports,Budget,gross_margin,Economics,Gross Margin,%,Revenue minus Cost of Goods Sold (COGS).,40,48,56,Volume pricing pressure.
Sports,Mid-Range,gross_margin,Economics,Gross Margin,%,Revenue minus Cost of Goods Sold (COGS).,50,58,66,Technical innovation premium.
Sports,Luxury,gross_margin,Economics,Gross Margin,%,Revenue minus Cost of Goods Sold (COGS).,60,68,78,Premium brand margins.
Sports,Budget,ltv_cac,Strategic Efficiency,LTV:CAC Ratio,x,Lifetime Value divided by Customer Acquisition Cost.,2.5,3.5,5.0,Repeat purchases build value.
Sports,Mid-Range,ltv_cac,Strategic Efficiency,LTV:CAC Ratio,x,Lifetime Value divided by Customer Acquisition Cost.,3.0,4.2,6.0,Community engagement helps.
Sports,Luxury,ltv_cac,Strategic Efficiency,LTV:CAC Ratio,x,Lifetime Value divided by Customer Acquisition Cost.,3.5,5.0,7.5,Enthusiast lifetime value high.
Sports,Budget,mer,Strategic Efficiency,Marketing Efficiency Ratio (MER),x,Total Revenue / Total Marketing Spend.,4.0,6.0,9.0,Seasonal efficiency varies.
Sports,Mid-Range,mer,Strategic Efficiency,Marketing Efficiency Ratio (MER),x,Total Revenue / Total Marketing Spend.,3.5,5.0,7.5,Consistent fitness demand.
Sports,Luxury,mer,Strategic Efficiency,Marketing Efficiency Ratio (MER),x,Total Revenue / Total Marketing Spend.,3.0,4.5,6.5,Brand investment required.
Sports,Budget,email_rev_share,Channel Mix,Email Revenue Share,%,Percentage of total revenue attributed to Email Marketing.,16,22,32,Seasonal promotions key.
Sports,Mid-Range,email_rev_share,Channel Mix,Email Revenue Share,%,Percentage of total revenue attributed to Email Marketing.,20,27,38,Training tips and products.
Sports,Luxury,email_rev_share,Channel Mix,Email Revenue Share,%,Percentage of total revenue attributed to Email Marketing.,12,18,28,Expert content drives engagement.
Sports,Budget,sms_rev_share,Channel Mix,SMS Revenue Share,%,Percentage of total revenue attributed to SMS Marketing.,2,5,10,Flash sales effective.
Sports,Mid-Range,sms_rev_share,Channel Mix,SMS Revenue Share,%,Percentage of total revenue attributed to SMS Marketing.,3,7,13,Event and launch alerts.
Sports,Luxury,sms_rev_share,Channel Mix,SMS Revenue Share,%,Percentage of total revenue attributed to SMS Marketing.,1,3,6,VIP access updates.
Family,Budget,cac,Acquisition,Customer Acquisition Cost (CAC),€,Total marketing spend divided by new customers acquired.,15,28,45,Parent communities enable efficient targeting.
Family,Mid-Range,cac,Acquisition,Customer Acquisition Cost (CAC),€,Total marketing spend divided by new customers acquired.,28,45,70,Safety and quality messaging increases cost.
Family,Luxury,cac,Acquisition,Customer Acquisition Cost (CAC),€,Total marketing spend divided by new customers acquired.,55,95,160,Premium parenting audience more expensive.
Family,Budget,roas,Acquisition,Blended ROAS,x,Total revenue divided by total marketing spend.,3.5,5.0,7.5,Growth spurts drive repeat purchases.
Family,Mid-Range,roas,Acquisition,Blended ROAS,x,Total revenue divided by total marketing spend.,3.0,4.5,6.5,Quality justifies mid-range pricing.
Family,Luxury,roas,Acquisition,Blended ROAS,x,Total revenue divided by total marketing spend.,2.5,3.5,5.0,Premium positioning needs patience.
Family,Budget,marketing_spend,Acquisition,Marketing % of Revenue,%,Total marketing budget as a percentage of gross revenue.,10,15,22,Efficient parent network marketing.
Family,Mid-Range,marketing_spend,Acquisition,Marketing % of Revenue,%,Total marketing budget as a percentage of gross revenue.,14,20,28,Content and community investment.
Family,Luxury,marketing_spend,Acquisition,Marketing % of Revenue,%,Total marketing budget as a percentage of gross revenue.,12,18,26,Brand positioning for premium parents.
Family,Budget,conv_rate,Conversion,Conversion Rate (Desktop),%,Percentage of desktop visitors who make a purchase.,2.5,3.6,5.0,Need-driven purchases convert well.
Family,Mid-Range,conv_rate,Conversion,Conversion Rate (Desktop),%,Percentage of desktop visitors who make a purchase.,1.8,2.6,3.8,Safety research phase.
Family,Luxury,conv_rate,Conversion,Conversion Rate (Desktop),%,Percentage of desktop visitors who make a purchase.,1.0,1.6,2.4,High consideration for premium items.
Family,Budget,mobile_conv,Conversion,Conversion Rate (Mobile),%,Percentage of mobile visitors who make a purchase.,1.6,2.4,3.5,Parents shop on mobile frequently.
Family,Mid-Range,mobile_conv,Conversion,Conversion Rate (Mobile),%,Percentage of mobile visitors who make a purchase.,1.2,1.8,2.6,Registry and lists drive mobile use.
Family,Luxury,mobile_conv,Conversion,Conversion Rate (Mobile),%,Percentage of mobile visitors who make a purchase.,0.6,1.0,1.6,Desktop preferred for major purchases.
Family,Budget,cart_abandon,Conversion,Cart Abandonment Rate,%,Percentage of carts created that are not purchased.,64,70,76,Size uncertainty for growing kids.
Family,Mid-Range,cart_abandon,Conversion,Cart Abandonment Rate,%,Percentage of carts created that are not purchased.,68,74,80,Safety research causes delays.
Family,Luxury,cart_abandon,Conversion,Cart Abandonment Rate,%,Percentage of carts created that are not purchased.,72,78,84,High ticket consideration.
Family,Budget,aov,Conversion,Average Order Value (AOV),€,Average revenue per transaction.,42,58,78,Multi-pack and bundle deals.
Family,Mid-Range,aov,Conversion,Average Order Value (AOV),€,Average revenue per transaction.,75,100,135,Quality basics and gear.
Family,Luxury,aov,Conversion,Average Order Value (AOV),€,Average revenue per transaction.,150,220,350,Premium strollers and furniture.
Family,Budget,repeat_rate,Retention,Repeat Customer Rate,%,Percentage of customers who buy more than once.,28,38,50,Growth spurts drive repeats.
Family,Mid-Range,repeat_rate,Retention,Repeat Customer Rate,%,Percentage of customers who buy more than once.,35,46,58,Brand trust builds loyalty.
Family,Luxury,repeat_rate,Retention,Repeat Customer Rate,%,Percentage of customers who buy more than once.,40,52,65,Premium parent loyalty strong.
Family,Budget,purchase_freq,Retention,Purchase Frequency,#/yr,Average number of orders per customer per year.,2.5,3.5,5.0,Constant growth needs.
Family,Mid-Range,purchase_freq,Retention,Purchase Frequency,#/yr,Average number of orders per customer per year.,2.0,3.0,4.2,Seasonal and milestone purchases.
Family,Luxury,purchase_freq,Retention,Purchase Frequency,#/yr,Average number of orders per customer per year.,1.5,2.2,3.2,Key milestone investments.
Family,Budget,churn_rate,Retention,Annual Churn Rate,%,Percentage of customers who do not return within 12 months.,45,55,65,Kids age out of products.
Family,Mid-Range,churn_rate,Retention,Annual Churn Rate,%,Percentage of customers who do not return within 12 months.,38,48,58,Multi-child families stay longer.
Family,Luxury,churn_rate,Retention,Annual Churn Rate,%,Percentage of customers who do not return within 12 months.,30,40,50,Premium brand loyalty endures.
Family,Budget,return_rate,Economics,Return Rate,%,Percentage of items returned.,12,17,24,Size and preference issues.
Family,Mid-Range,return_rate,Economics,Return Rate,%,Percentage of items returned.,14,20,28,Quality expectations moderate.
Family,Luxury,return_rate,Economics,Return Rate,%,Percentage of items returned.,10,15,22,Informed purchases return less.
Family,Budget,gross_margin,Economics,Gross Margin,%,Revenue minus Cost of Goods Sold (COGS).,42,50,58,Volume and basics focus.
Family,Mid-Range,gross_margin,Economics,Gross Margin,%,Revenue minus Cost of Goods Sold (COGS).,52,60,68,Quality and safety premium.
Family,Luxury,gross_margin,Economics,Gross Margin,%,Revenue minus Cost of Goods Sold (COGS).,62,70,80,Premium brand margins.
Family,Budget,ltv_cac,Strategic Efficiency,LTV:CAC Ratio,x,Lifetime Value divided by Customer Acquisition Cost.,3.0,4.5,6.5,Multi-year customer journey.
Family,Mid-Range,ltv_cac,Strategic Efficiency,LTV:CAC Ratio,x,Lifetime Value divided by Customer Acquisition Cost.,3.5,5.0,7.5,Brand loyalty across children.
Family,Luxury,ltv_cac,Strategic Efficiency,LTV:CAC Ratio,x,Lifetime Value divided by Customer Acquisition Cost.,4.0,6.0,9.0,Premium parents high LTV.
Family,Budget,mer,Strategic Efficiency,Marketing Efficiency Ratio (MER),x,Total Revenue / Total Marketing Spend.,4.0,6.0,9.5,Community referrals boost efficiency.
Family,Mid-Range,mer,Strategic Efficiency,Marketing Efficiency Ratio (MER),x,Total Revenue / Total Marketing Spend.,3.5,5.0,7.5,Content marketing compounds.
Family,Luxury,mer,Strategic Efficiency,Marketing Efficiency Ratio (MER),x,Total Revenue / Total Marketing Spend.,3.0,4.5,6.5,Brand building investment.
Family,Budget,email_rev_share,Channel Mix,Email Revenue Share,%,Percentage of total revenue attributed to Email Marketing.,20,28,40,Age-based automations key.
Family,Mid-Range,email_rev_share,Channel Mix,Email Revenue Share,%,Percentage of total revenue attributed to Email Marketing.,25,33,45,Milestone email journeys.
Family,Luxury,email_rev_share,Channel Mix,Email Revenue Share,%,Percentage of total revenue attributed to Email Marketing.,18,26,38,Personalized recommendations.
Family,Budget,sms_rev_share,Channel Mix,SMS Revenue Share,%,Percentage of total revenue attributed to SMS Marketing.,3,7,14,Flash sales and restocks.
Family,Mid-Range,sms_rev_share,Channel Mix,SMS Revenue Share,%,Percentage of total revenue attributed to SMS Marketing.,4,9,16,Size reminders effective.
Family,Luxury,sms_rev_share,Channel Mix,SMS Revenue Share,%,Percentage of total revenue attributed to SMS Marketing.,2,5,10,Exclusive launch access.
Food,Budget,cac,Acquisition,Customer Acquisition Cost (CAC),€,Total marketing spend divided by new customers acquired.,8,15,25,Low barrier trial offers effective.
Food,Mid-Range,cac,Acquisition,Customer Acquisition Cost (CAC),€,Total marketing spend divided by new customers acquired.,18,32,50,Quality story requires education.
Food,Luxury,cac,Acquisition,Customer Acquisition Cost (CAC),€,Total marketing spend divided by new customers acquired.,40,70,120,Artisan positioning premium.
Food,Budget,roas,Acquisition,Blended ROAS,x,Total revenue divided by total marketing spend.,3.0,4.5,6.5,Subscription models boost returns.
Food,Mid-Range,roas,Acquisition,Blended ROAS,x,Total revenue divided by total marketing spend.,2.5,4.0,5.5,Repeat purchases drive efficiency.
Food,Luxury,roas,Acquisition,Blended ROAS,x,Total revenue divided by total marketing spend.,2.0,3.0,4.5,Gourmet audience targeted.
Food,Budget,marketing_spend,Acquisition,Marketing % of Revenue,%,Total marketing budget as a percentage of gross revenue.,15,22,30,Trial and sampling investment.
Food,Mid-Range,marketing_spend,Acquisition,Marketing % of Revenue,%,Total marketing budget as a percentage of gross revenue.,18,26,35,Content and recipe marketing.
Food,Luxury,marketing_spend,Acquisition,Marketing % of Revenue,%,Total marketing budget as a percentage of gross revenue.,12,20,28,Premium brand positioning.
Food,Budget,conv_rate,Conversion,Conversion Rate (Desktop),%,Percentage of desktop visitors who make a purchase.,3.5,5.0,7.0,Low price point impulse buys.
Food,Mid-Range,conv_rate,Conversion,Conversion Rate (Desktop),%,Percentage of desktop visitors who make a purchase.,2.5,3.8,5.5,Quality content drives conversion.
Food,Luxury,conv_rate,Conversion,Conversion Rate (Desktop),%,Percentage of desktop visitors who make a purchase.,1.5,2.5,3.8,Gourmet story sells.
Food,Budget,mobile_conv,Conversion,Conversion Rate (Mobile),%,Percentage of mobile visitors who make a purchase.,2.2,3.2,4.6,Quick reorder habits.
Food,Mid-Range,mobile_conv,Conversion,Conversion Rate (Mobile),%,Percentage of mobile visitors who make a purchase.,1.6,2.5,3.6,Recipe-driven mobile orders.
Food,Luxury,mobile_conv,Conversion,Conversion Rate (Mobile),%,Percentage of mobile visitors who make a purchase.,0.9,1.5,2.4,Desktop preferred for premium gifts.
Food,Budget,cart_abandon,Conversion,Cart Abandonment Rate,%,Percentage of carts created that are not purchased.,62,68,74,Shipping cost barrier.
Food,Mid-Range,cart_abandon,Conversion,Cart Abandonment Rate,%,Percentage of carts created that are not purchased.,65,72,78,Perishable concerns.
Food,Luxury,cart_abandon,Conversion,Cart Abandonment Rate,%,Percentage of carts created that are not purchased.,68,75,82,Gift hesitation.
Food,Budget,aov,Conversion,Average Order Value (AOV),€,Average revenue per transaction.,28,42,58,Regular grocery top-ups.
Food,Mid-Range,aov,Conversion,Average Order Value (AOV),€,Average revenue per transaction.,50,72,100,Specialty baskets.
Food,Luxury,aov,Conversion,Average Order Value (AOV),€,Average revenue per transaction.,85,130,200,Gourmet gift boxes.
Food,Budget,repeat_rate,Retention,Repeat Customer Rate,%,Percentage of customers who buy more than once.,35,48,62,Consumable repeat nature.
Food,Mid-Range,repeat_rate,Retention,Repeat Customer Rate,%,Percentage of customers who buy more than once.,40,55,70,Subscription success.
Food,Luxury,repeat_rate,Retention,Repeat Customer Rate,%,Percentage of customers who buy more than once.,30,45,60,Gift-giving seasonality impacts.
Food,Budget,purchase_freq,Retention,Purchase Frequency,#/yr,Average number of orders per customer per year.,4.0,6.0,9.0,Weekly/biweekly orders.
Food,Mid-Range,purchase_freq,Retention,Purchase Frequency,#/yr,Average number of orders per customer per year.,3.0,4.5,7.0,Monthly subscriptions.
Food,Luxury,purchase_freq,Retention,Purchase Frequency,#/yr,Average number of orders per customer per year.,2.0,3.2,5.0,Occasion-based purchases.
Food,Budget,churn_rate,Retention,Annual Churn Rate,%,Percentage of customers who do not return within 12 months.,35,45,55,Subscription fatigue.
Food,Mid-Range,churn_rate,Retention,Annual Churn Rate,%,Percentage of customers who do not return within 12 months.,28,38,48,Quality loyalty.
Food,Luxury,churn_rate,Retention,Annual Churn Rate,%,Percentage of customers who do not return within 12 months.,35,48,60,Gift buyer one-time risk.
Food,Budget,return_rate,Economics,Return Rate,%,Percentage of items returned.,2,4,7,Perishable; low returns.
Food,Mid-Range,return_rate,Economics,Return Rate,%,Percentage of items returned.,3,5,9,Quality issues rare.
Food,Luxury,return_rate,Economics,Return Rate,%,Percentage of items returned.,4,7,12,Damaged premium goods.
Food,Budget,gross_margin,Economics,Gross Margin,%,Revenue minus Cost of Goods Sold (COGS).,30,38,46,Commodity pricing pressure.
Food,Mid-Range,gross_margin,Economics,Gross Margin,%,Revenue minus Cost of Goods Sold (COGS).,40,50,60,Quality premium.
Food,Luxury,gross_margin,Economics,Gross Margin,%,Revenue minus Cost of Goods Sold (COGS).,50,62,75,Artisan pricing power.
Food,Budget,ltv_cac,Strategic Efficiency,LTV:CAC Ratio,x,Lifetime Value divided by Customer Acquisition Cost.,3.0,4.5,7.0,High repeat drives LTV.
Food,Mid-Range,ltv_cac,Strategic Efficiency,LTV:CAC Ratio,x,Lifetime Value divided by Customer Acquisition Cost.,3.5,5.5,8.5,Subscription models excel.
Food,Luxury,ltv_cac,Strategic Efficiency,LTV:CAC Ratio,x,Lifetime Value divided by Customer Acquisition Cost.,3.0,4.5,7.0,Gift repeat varies.
Food,Budget,mer,Strategic Efficiency,Marketing Efficiency Ratio (MER),x,Total Revenue / Total Marketing Spend.,3.0,4.5,7.0,Trial investment high.
Food,Mid-Range,mer,Strategic Efficiency,Marketing Efficiency Ratio (MER),x,Total Revenue / Total Marketing Spend.,3.0,4.5,6.5,Content compounds.
Food,Luxury,mer,Strategic Efficiency,Marketing Efficiency Ratio (MER),x,Total Revenue / Total Marketing Spend.,2.8,4.0,6.0,Brand building required.
Food,Budget,email_rev_share,Channel Mix,Email Revenue Share,%,Percentage of total revenue attributed to Email Marketing.,22,32,45,Replenishment and recipes.
Food,Mid-Range,email_rev_share,Channel Mix,Email Revenue Share,%,Percentage of total revenue attributed to Email Marketing.,28,38,50,Subscription nurturing.
Food,Luxury,email_rev_share,Channel Mix,Email Revenue Share,%,Percentage of total revenue attributed to Email Marketing.,18,28,40,Seasonal gift campaigns.
Food,Budget,sms_rev_share,Channel Mix,SMS Revenue Share,%,Percentage of total revenue attributed to SMS Marketing.,4,9,16,Flash sales and restocks.
Food,Mid-Range,sms_rev_share,Channel Mix,SMS Revenue Share,%,Percentage of total revenue attributed to SMS Marketing.,5,11,18,Delivery updates and reorder.
Food,Luxury,sms_rev_share,Channel Mix,SMS Revenue Share,%,Percentage of total revenue attributed to SMS Marketing.,2,5,10,VIP and limited releases.
Luxury,Budget,cac,Acquisition,Customer Acquisition Cost (CAC),€,Total marketing spend divided by new customers acquired.,45,80,140,Aspirational market acquisition.
Luxury,Mid-Range,cac,Acquisition,Customer Acquisition Cost (CAC),€,Total marketing spend divided by new customers acquired.,100,200,400,High-touch brand experience.
Luxury,Luxury,cac,Acquisition,Customer Acquisition Cost (CAC),€,Total marketing spend divided by new customers acquired.,300,600,1500,Ultra-premium positioning.
Luxury,Budget,roas,Acquisition,Blended ROAS,x,Total revenue divided by total marketing spend.,3.0,4.5,6.5,Aspirational buyer efficiency.
Luxury,Mid-Range,roas,Acquisition,Blended ROAS,x,Total revenue divided by total marketing spend.,2.5,3.5,5.0,Brand experience investment.
Luxury,Luxury,roas,Acquisition,Blended ROAS,x,Total revenue divided by total marketing spend.,1.5,2.5,4.0,Ultra-luxury brand building.
Luxury,Budget,marketing_spend,Acquisition,Marketing % of Revenue,%,Total marketing budget as a percentage of gross revenue.,10,16,24,Aspirational market reach.
Luxury,Mid-Range,marketing_spend,Acquisition,Marketing % of Revenue,%,Total marketing budget as a percentage of gross revenue.,12,20,30,Brand and experience investment.
Luxury,Luxury,marketing_spend,Acquisition,Marketing % of Revenue,%,Total marketing budget as a percentage of gross revenue.,8,15,25,Ultra-premium reputation-driven.
Luxury,Budget,conv_rate,Conversion,Conversion Rate (Desktop),%,Percentage of desktop visitors who make a purchase.,1.5,2.2,3.2,Aspirational browsing common.
Luxury,Mid-Range,conv_rate,Conversion,Conversion Rate (Desktop),%,Percentage of desktop visitors who make a purchase.,0.8,1.4,2.2,High consideration purchases.
Luxury,Luxury,conv_rate,Conversion,Conversion Rate (Desktop),%,Percentage of desktop visitors who make a purchase.,0.4,0.8,1.3,Invitation-only exclusivity.
Luxury,Budget,mobile_conv,Conversion,Conversion Rate (Mobile),%,Percentage of mobile visitors who make a purchase.,0.8,1.3,2.0,Impulse accessories.
Luxury,Mid-Range,mobile_conv,Conversion,Conversion Rate (Mobile),%,Percentage of mobile visitors who make a purchase.,0.4,0.8,1.3,Desktop dominates high-ticket.
Luxury,Luxury,mobile_conv,Conversion,Conversion Rate (Mobile),%,Percentage of mobile visitors who make a purchase.,0.2,0.4,0.7,Boutique visits preferred.
Luxury,Budget,cart_abandon,Conversion,Cart Abandonment Rate,%,Percentage of carts created that are not purchased.,70,76,82,Price barrier for aspirational.
Luxury,Mid-Range,cart_abandon,Conversion,Cart Abandonment Rate,%,Percentage of carts created that are not purchased.,75,81,87,Consideration period extended.
Luxury,Luxury,cart_abandon,Conversion,Cart Abandonment Rate,%,Percentage of carts created that are not purchased.,78,84,90,Personal shopping preferred.
Luxury,Budget,aov,Conversion,Average Order Value (AOV),€,Average revenue per transaction.,180,280,420,Entry luxury items.
Luxury,Mid-Range,aov,Conversion,Average Order Value (AOV),€,Average revenue per transaction.,500,900,1600,Core luxury purchases.
Luxury,Luxury,aov,Conversion,Average Order Value (AOV),€,Average revenue per transaction.,2000,5000,15000,Ultra-premium items.
Luxury,Budget,repeat_rate,Retention,Repeat Customer Rate,%,Percentage of customers who buy more than once.,25,35,48,Aspirational loyalty building.
Luxury,Mid-Range,repeat_rate,Retention,Repeat Customer Rate,%,Percentage of customers who buy more than once.,35,50,65,Brand devotion grows.
Luxury,Luxury,repeat_rate,Retention,Repeat Customer Rate,%,Percentage of customers who buy more than once.,50,68,82,Lifetime client relationships.
Luxury,Budget,purchase_freq,Retention,Purchase Frequency,#/yr,Average number of orders per customer per year.,1.2,1.8,2.6,Occasional treats.
Luxury,Mid-Range,purchase_freq,Retention,Purchase Frequency,#/yr,Average number of orders per customer per year.,1.0,1.5,2.2,Seasonal collection updates.
Luxury,Luxury,purchase_freq,Retention,Purchase Frequency,#/yr,Average number of orders per customer per year.,0.8,1.2,1.8,Bespoke and special commissions.
Luxury,Budget,churn_rate,Retention,Annual Churn Rate,%,Percentage of customers who do not return within 12 months.,48,58,68,Aspirational buyers churn higher.
Luxury,Mid-Range,churn_rate,Retention,Annual Churn Rate,%,Percentage of customers who do not return within 12 months.,35,45,55,Collection building reduces churn.
Luxury,Luxury,churn_rate,Retention,Annual Churn Rate,%,Percentage of customers who do not return within 12 months.,20,30,40,Lifetime clients rarely churn.
Luxury,Budget,return_rate,Economics,Return Rate,%,Percentage of items returned.,18,24,32,Quality expectation mismatch.
Luxury,Mid-Range,return_rate,Economics,Return Rate,%,Percentage of items returned.,15,20,28,Boutique validation reduces returns.
Luxury,Luxury,return_rate,Economics,Return Rate,%,Percentage of items returned.,10,15,22,Bespoke fit minimizes returns.
Luxury,Budget,gross_margin,Economics,Gross Margin,%,Revenue minus Cost of Goods Sold (COGS).,55,62,70,Entry luxury margins.
Luxury,Mid-Range,gross_margin,Economics,Gross Margin,%,Revenue minus Cost of Goods Sold (COGS).,65,72,80,Premium brand power.
Luxury,Luxury,gross_margin,Economics,Gross Margin,%,Revenue minus Cost of Goods Sold (COGS).,75,82,90,Ultra-premium pricing power.
Luxury,Budget,ltv_cac,Strategic Efficiency,LTV:CAC Ratio,x,Lifetime Value divided by Customer Acquisition Cost.,3.0,4.5,7.0,Building aspirational loyalty.
Luxury,Mid-Range,ltv_cac,Strategic Efficiency,LTV:CAC Ratio,x,Lifetime Value divided by Customer Acquisition Cost.,4.0,6.0,9.5,Strong brand relationships.
Luxury,Luxury,ltv_cac,Strategic Efficiency,LTV:CAC Ratio,x,Lifetime Value divided by Customer Acquisition Cost.,5.0,8.0,14.0,Lifetime value exceptional.
Luxury,Budget,mer,Strategic Efficiency,Marketing Efficiency Ratio (MER),x,Total Revenue / Total Marketing Spend.,3.5,5.5,8.5,Aspirational efficiency.
Luxury,Mid-Range,mer,Strategic Efficiency,Marketing Efficiency Ratio (MER),x,Total Revenue / Total Marketing Spend.,3.0,4.5,7.0,Brand building investment.
Luxury,Luxury,mer,Strategic Efficiency,Marketing Efficiency Ratio (MER),x,Total Revenue / Total Marketing Spend.,4.0,6.5,10.0,Reputation-driven efficiency.
Luxury,Budget,email_rev_share,Channel Mix,Email Revenue Share,%,Percentage of total revenue attributed to Email Marketing.,12,18,28,Aspiration nurturing.
Luxury,Mid-Range,email_rev_share,Channel Mix,Email Revenue Share,%,Percentage of total revenue attributed to Email Marketing.,15,22,32,Collection previews and events.
Luxury,Luxury,email_rev_share,Channel Mix,Email Revenue Share,%,Percentage of total revenue attributed to Email Marketing.,10,16,26,Exclusive clienteling.
Luxury,Budget,sms_rev_share,Channel Mix,SMS Revenue Share,%,Percentage of total revenue attributed to SMS Marketing.,1,3,6,Appointment reminders.
Luxury,Mid-Range,sms_rev_share,Channel Mix,SMS Revenue Share,%,Percentage of total revenue attributed to SMS Marketing.,1,2,5,VIP event invitations.
Luxury,Luxury,sms_rev_share,Channel Mix,SMS Revenue Share,%,Percentage of total revenue attributed to SMS Marketing.,0.5,1.5,3,Concierge updates only.
SaaS,Budget,cac,Acquisition,Customer Acquisition Cost (CAC),€,Total marketing spend divided by new customers acquired.,50,120,220,Self-serve acquisition efficient.
SaaS,Mid-Range,cac,Acquisition,Customer Acquisition Cost (CAC),€,Total marketing spend divided by new customers acquired.,200,450,800,Sales-assisted increases CAC.
SaaS,Luxury,cac,Acquisition,Customer Acquisition Cost (CAC),€,Total marketing spend divided by new customers acquired.,800,2000,5000,Enterprise sales teams expensive.
SaaS,Budget,roas,Acquisition,Blended ROAS,x,Total revenue divided by total marketing spend.,3.0,5.0,8.0,Freemium conversion efficiency.
SaaS,Mid-Range,roas,Acquisition,Blended ROAS,x,Total revenue divided by total marketing spend.,2.5,4.0,6.5,Demo and trial conversion.
SaaS,Luxury,roas,Acquisition,Blended ROAS,x,Total revenue divided by total marketing spend.,2.0,3.0,5.0,Long sales cycles reduce immediate ROAS.
SaaS,Budget,marketing_spend,Acquisition,Marketing % of Revenue,%,Total marketing budget as a percentage of gross revenue.,20,35,50,Growth investment heavy.
SaaS,Mid-Range,marketing_spend,Acquisition,Marketing % of Revenue,%,Total marketing budget as a percentage of gross revenue.,25,40,55,Sales and marketing combined.
SaaS,Luxury,marketing_spend,Acquisition,Marketing % of Revenue,%,Total marketing budget as a percentage of gross revenue.,15,28,42,Enterprise efficiency improves.
SaaS,Budget,conv_rate,Conversion,Trial to Paid Conversion,%,Percentage of free trial users who convert to paid.,2.0,3.5,5.5,Self-serve conversion rate.
SaaS,Mid-Range,conv_rate,Conversion,Trial to Paid Conversion,%,Percentage of free trial users who convert to paid.,1.5,2.5,4.0,Demo request conversion.
SaaS,Luxury,conv_rate,Conversion,Trial to Paid Conversion,%,Percentage of free trial users who convert to paid.,0.8,1.5,2.5,Contact sales conversion.
SaaS,Budget,repeat_rate,Retention,Net Revenue Retention,%,Net revenue from existing customers after expansion and churn.,70,80,88,SMB retention rate.
SaaS,Mid-Range,repeat_rate,Retention,Net Revenue Retention,%,Net revenue from existing customers after expansion and churn.,85,95,110,Mid-market NRR with expansion.
SaaS,Luxury,repeat_rate,Retention,Net Revenue Retention,%,Net revenue from existing customers after expansion and churn.,100,115,135,Enterprise expansion revenue.
SaaS,Budget,purchase_freq,Retention,Expansion Rate,%,Annual rate of revenue expansion from existing customers.,5,12,22,Upsell to higher tiers.
SaaS,Mid-Range,purchase_freq,Retention,Expansion Rate,%,Annual rate of revenue expansion from existing customers.,10,20,35,Seat and feature expansion.
SaaS,Luxury,purchase_freq,Retention,Expansion Rate,%,Annual rate of revenue expansion from existing customers.,15,30,50,Enterprise account growth.
SaaS,Budget,churn_rate,Retention,Annual Churn Rate,%,Percentage of customers who cancel within 12 months.,15,25,35,SMB churn higher.
SaaS,Mid-Range,churn_rate,Retention,Annual Churn Rate,%,Percentage of customers who cancel within 12 months.,10,18,28,Mid-market stickier.
SaaS,Luxury,churn_rate,Retention,Annual Churn Rate,%,Percentage of customers who cancel within 12 months.,5,10,18,Enterprise retention strong.
SaaS,Budget,gross_margin,Economics,Gross Margin,%,Revenue minus Cost of Goods Sold (COGS).,70,78,85,Software margins excellent.
SaaS,Mid-Range,gross_margin,Economics,Gross Margin,%,Revenue minus Cost of Goods Sold (COGS).,72,80,87,Scale improves margins.
SaaS,Luxury,gross_margin,Economics,Gross Margin,%,Revenue minus Cost of Goods Sold (COGS).,68,76,84,Services reduce pure SaaS margin.
SaaS,Budget,ltv_cac,Strategic Efficiency,LTV:CAC Ratio,x,Lifetime Value divided by Customer Acquisition Cost.,3.0,5.0,8.0,Efficient self-serve model.
SaaS,Mid-Range,ltv_cac,Strategic Efficiency,LTV:CAC Ratio,x,Lifetime Value divided by Customer Acquisition Cost.,3.5,5.5,9.0,Strong unit economics.
SaaS,Luxury,ltv_cac,Strategic Efficiency,LTV:CAC Ratio,x,Lifetime Value divided by Customer Acquisition Cost.,4.0,6.5,12.0,Enterprise LTV exceptional.
SaaS,Budget,mer,Strategic Efficiency,Marketing Efficiency Ratio (MER),x,Total Revenue / Total Marketing Spend.,2.0,3.5,5.5,Growth mode efficiency.
SaaS,Mid-Range,mer,Strategic Efficiency,Marketing Efficiency Ratio (MER),x,Total Revenue / Total Marketing Spend.,2.2,3.8,6.0,Balanced growth.
SaaS,Luxury,mer,Strategic Efficiency,Marketing Efficiency Ratio (MER),x,Total Revenue / Total Marketing Spend.,2.8,4.5,7.5,Enterprise efficiency higher.
SaaS,Budget,email_rev_share,Channel Mix,Email Revenue Share,%,Percentage of total revenue attributed to Email Marketing.,15,25,38,Onboarding and upgrade emails.
SaaS,Mid-Range,email_rev_share,Channel Mix,Email Revenue Share,%,Percentage of total revenue attributed to Email Marketing.,12,20,32,Nurture and expansion.
SaaS,Luxury,email_rev_share,Channel Mix,Email Revenue Share,%,Percentage of total revenue attributed to Email Marketing.,8,15,25,Account-based marketing.
Services,Budget,cac,Acquisition,Customer Acquisition Cost (CAC),€,Total marketing spend divided by new customers acquired.,100,250,450,Small project acquisition.
Services,Mid-Range,cac,Acquisition,Customer Acquisition Cost (CAC),€,Total marketing spend divided by new customers acquired.,300,700,1400,Relationship building investment.
Services,Luxury,cac,Acquisition,Customer Acquisition Cost (CAC),€,Total marketing spend divided by new customers acquired.,1000,3000,8000,Enterprise BD expensive.
Services,Budget,roas,Acquisition,Blended ROAS,x,Total revenue divided by total marketing spend.,3.0,5.0,8.0,Small engagement efficiency.
Services,Mid-Range,roas,Acquisition,Blended ROAS,x,Total revenue divided by total marketing spend.,2.5,4.0,6.5,Longer sales cycles.
Services,Luxury,roas,Acquisition,Blended ROAS,x,Total revenue divided by total marketing spend.,2.0,3.2,5.0,Enterprise relationship investment.
Services,Budget,marketing_spend,Acquisition,Marketing % of Revenue,%,Total marketing budget as a percentage of gross revenue.,8,14,22,Referral-driven business.
Services,Mid-Range,marketing_spend,Acquisition,Marketing % of Revenue,%,Total marketing budget as a percentage of gross revenue.,10,18,28,Content and event marketing.
Services,Luxury,marketing_spend,Acquisition,Marketing % of Revenue,%,Total marketing budget as a percentage of gross revenue.,6,12,20,Reputation and referrals dominate.
Services,Budget,conv_rate,Conversion,Lead to Client Conversion,%,Percentage of leads that become paying clients.,1.5,2.8,4.5,Small project conversion.
Services,Mid-Range,conv_rate,Conversion,Lead to Client Conversion,%,Percentage of leads that become paying clients.,1.0,2.0,3.2,Consultation process.
Services,Luxury,conv_rate,Conversion,Lead to Client Conversion,%,Percentage of leads that become paying clients.,0.5,1.2,2.0,RFP and referral driven.
Services,Budget,repeat_rate,Retention,Client Retention Rate,%,Percentage of clients who engage again within 24 months.,30,42,55,Project-based repeat.
Services,Mid-Range,repeat_rate,Retention,Client Retention Rate,%,Percentage of clients who engage again within 24 months.,40,55,70,Retainer development.
Services,Luxury,repeat_rate,Retention,Client Retention Rate,%,Percentage of clients who engage again within 24 months.,55,70,85,Strategic partnership retention.
Services,Budget,purchase_freq,Retention,Engagements per Client,#/yr,Average number of projects per client per year.,1.5,2.5,4.0,Multiple small projects.
Services,Mid-Range,purchase_freq,Retention,Engagements per Client,#/yr,Average number of projects per client per year.,1.2,2.0,3.2,Annual to quarterly.
Services,Luxury,purchase_freq,Retention,Engagements per Client,#/yr,Average number of projects per client per year.,1.0,1.5,2.5,Major annual engagements.
Services,Budget,churn_rate,Retention,Annual Client Loss Rate,%,Percentage of clients who do not return within 12 months.,40,52,65,Project completion churn.
Services,Mid-Range,churn_rate,Retention,Annual Client Loss Rate,%,Percentage of clients who do not return within 12 months.,28,40,52,Retainer retention better.
Services,Luxury,churn_rate,Retention,Annual Client Loss Rate,%,Percentage of clients who do not return within 12 months.,15,25,38,Strategic relationships endure.
Services,Budget,gross_margin,Economics,Gross Margin,%,Revenue minus Cost of Goods Sold (COGS).,35,45,55,Labor-intensive delivery.
Services,Mid-Range,gross_margin,Economics,Gross Margin,%,Revenue minus Cost of Goods Sold (COGS).,40,52,65,Efficiency improves with scale.
Services,Luxury,gross_margin,Economics,Gross Margin,%,Revenue minus Cost of Goods Sold (COGS).,45,58,72,Premium positioning pricing.
Services,Budget,ltv_cac,Strategic Efficiency,LTV:CAC Ratio,x,Lifetime Value divided by Customer Acquisition Cost.,3.0,5.0,8.0,Repeat projects build LTV.
Services,Mid-Range,ltv_cac,Strategic Efficiency,LTV:CAC Ratio,x,Lifetime Value divided by Customer Acquisition Cost.,4.0,6.5,10.0,Retainer relationships valuable.
Services,Luxury,ltv_cac,Strategic Efficiency,LTV:CAC Ratio,x,Lifetime Value divided by Customer Acquisition Cost.,5.0,8.0,15.0,Strategic accounts exceptional LTV.
Services,Budget,mer,Strategic Efficiency,Marketing Efficiency Ratio (MER),x,Total Revenue / Total Marketing Spend.,5.0,8.0,12.0,Referral efficiency.
Services,Mid-Range,mer,Strategic Efficiency,Marketing Efficiency Ratio (MER),x,Total Revenue / Total Marketing Spend.,4.5,7.0,11.0,Content compounds returns.
Services,Luxury,mer,Strategic Efficiency,Marketing Efficiency Ratio (MER),x,Total Revenue / Total Marketing Spend.,6.0,10.0,16.0,Reputation-driven efficiency.
Services,Budget,email_rev_share,Channel Mix,Email Revenue Share,%,Percentage of total revenue attributed to Email Marketing.,10,18,28,Newsletter and updates.
Services,Mid-Range,email_rev_share,Channel Mix,Email Revenue Share,%,Percentage of total revenue attributed to Email Marketing.,12,20,32,Thought leadership content.
Services,Luxury,email_rev_share,Channel Mix,Email Revenue Share,%,Percentage of total revenue attributed to Email Marketing.,8,15,25,Account-based nurturing.
Manufacturing,Budget,cac,Acquisition,Customer Acquisition Cost (CAC),€,Total marketing spend divided by new customers acquired.,80,180,350,Trade show and catalog driven.
Manufacturing,Mid-Range,cac,Acquisition,Customer Acquisition Cost (CAC),€,Total marketing spend divided by new customers acquired.,250,550,1000,Technical sales process.
Manufacturing,Luxury,cac,Acquisition,Customer Acquisition Cost (CAC),€,Total marketing spend divided by new customers acquired.,800,2200,5500,Enterprise procurement cycles.
Manufacturing,Budget,roas,Acquisition,Blended ROAS,x,Total revenue divided by total marketing spend.,4.0,7.0,11.0,High order values boost returns.
Manufacturing,Mid-Range,roas,Acquisition,Blended ROAS,x,Total revenue divided by total marketing spend.,3.5,6.0,9.5,Repeat orders compound.
Manufacturing,Luxury,roas,Acquisition,Blended ROAS,x,Total revenue divided by total marketing spend.,3.0,5.0,8.0,Long sales cycles reduce immediate ROAS.
Manufacturing,Budget,marketing_spend,Acquisition,Marketing % of Revenue,%,Total marketing budget as a percentage of gross revenue.,4,8,14,Catalog and trade focus.
Manufacturing,Mid-Range,marketing_spend,Acquisition,Marketing % of Revenue,%,Total marketing budget as a percentage of gross revenue.,5,10,16,Technical content investment.
Manufacturing,Luxury,marketing_spend,Acquisition,Marketing % of Revenue,%,Total marketing budget as a percentage of gross revenue.,4,8,14,Relationship-driven sales.
Manufacturing,Budget,conv_rate,Conversion,Quote to Order Conversion,%,Percentage of quotes that convert to orders.,18,28,40,Small order conversion.
Manufacturing,Mid-Range,conv_rate,Conversion,Quote to Order Conversion,%,Percentage of quotes that convert to orders.,15,25,35,Mid-size project conversion.
Manufacturing,Luxury,conv_rate,Conversion,Quote to Order Conversion,%,Percentage of quotes that convert to orders.,12,20,30,Enterprise procurement rate.
Manufacturing,Budget,aov,Conversion,Average Order Value (AOV),€,Average revenue per transaction.,250,500,900,Small parts orders.
Manufacturing,Mid-Range,aov,Conversion,Average Order Value (AOV),€,Average revenue per transaction.,800,2000,4500,Equipment and supplies.
Manufacturing,Luxury,aov,Conversion,Average Order Value (AOV),€,Average revenue per transaction.,5000,15000,45000,Machinery and systems.
Manufacturing,Budget,repeat_rate,Retention,Repeat Customer Rate,%,Percentage of customers who reorder within 12 months.,50,62,75,Consumable reorders.
Manufacturing,Mid-Range,repeat_rate,Retention,Repeat Customer Rate,%,Percentage of customers who reorder within 12 months.,55,68,80,Maintenance and supply cycles.
Manufacturing,Luxury,repeat_rate,Retention,Repeat Customer Rate,%,Percentage of customers who reorder within 12 months.,60,75,88,Capital equipment relationships.
Manufacturing,Budget,purchase_freq,Retention,Orders per Customer,#/yr,Average number of orders per customer per year.,4.0,7.0,12.0,Regular consumable orders.
Manufacturing,Mid-Range,purchase_freq,Retention,Orders per Customer,#/yr,Average number of orders per customer per year.,2.5,4.5,8.0,Quarterly supply orders.
Manufacturing,Luxury,purchase_freq,Retention,Orders per Customer,#/yr,Average number of orders per customer per year.,0.8,1.5,3.0,Annual capital purchases.
Manufacturing,Budget,churn_rate,Retention,Annual Customer Loss Rate,%,Percentage of customers who do not reorder within 12 months.,22,32,45,Supplier switching moderate.
Manufacturing,Mid-Range,churn_rate,Retention,Annual Customer Loss Rate,%,Percentage of customers who do not reorder within 12 months.,18,28,40,Technical relationships sticky.
Manufacturing,Luxury,churn_rate,Retention,Annual Customer Loss Rate,%,Percentage of customers who do not reorder within 12 months.,10,18,28,Capital equipment loyalty high.
Manufacturing,Budget,return_rate,Economics,Return/Defect Rate,%,Percentage of orders with returns or defects.,4,7,12,Wrong part orders.
Manufacturing,Mid-Range,return_rate,Economics,Return/Defect Rate,%,Percentage of orders with returns or defects.,3,6,10,Spec mismatch returns.
Manufacturing,Luxury,return_rate,Economics,Return/Defect Rate,%,Percentage of orders with returns or defects.,2,4,8,Engineered solutions fit.
Manufacturing,Budget,gross_margin,Economics,Gross Margin,%,Revenue minus Cost of Goods Sold (COGS).,25,32,42,Commodity parts pressure.
Manufacturing,Mid-Range,gross_margin,Economics,Gross Margin,%,Revenue minus Cost of Goods Sold (COGS).,30,40,52,Technical expertise premium.
Manufacturing,Luxury,gross_margin,Economics,Gross Margin,%,Revenue minus Cost of Goods Sold (COGS).,35,48,62,Custom solutions premium.
Manufacturing,Budget,ltv_cac,Strategic Efficiency,LTV:CAC Ratio,x,Lifetime Value divided by Customer Acquisition Cost.,4.0,6.5,10.0,Repeat orders build LTV.
Manufacturing,Mid-Range,ltv_cac,Strategic Efficiency,LTV:CAC Ratio,x,Lifetime Value divided by Customer Acquisition Cost.,5.0,8.0,13.0,Long-term relationships valuable.
Manufacturing,Luxury,ltv_cac,Strategic Efficiency,LTV:CAC Ratio,x,Lifetime Value divided by Customer Acquisition Cost.,6.0,10.0,18.0,Capital equipment relationships exceptional.
Manufacturing,Budget,mer,Strategic Efficiency,Marketing Efficiency Ratio (MER),x,Total Revenue / Total Marketing Spend.,8.0,12.0,18.0,High AOV drives efficiency.
Manufacturing,Mid-Range,mer,Strategic Efficiency,Marketing Efficiency Ratio (MER),x,Total Revenue / Total Marketing Spend.,7.0,10.0,15.0,Technical sales efficiency.
Manufacturing,Luxury,mer,Strategic Efficiency,Marketing Efficiency Ratio (MER),x,Total Revenue / Total Marketing Spend.,8.0,12.0,18.0,Large deals boost MER.
Manufacturing,Budget,email_rev_share,Channel Mix,Email Revenue Share,%,Percentage of total revenue attributed to Email Marketing.,12,20,30,Catalog and promotion emails.
Manufacturing,Mid-Range,email_rev_share,Channel Mix,Email Revenue Share,%,Percentage of total revenue attributed to Email Marketing.,10,18,28,Technical updates and specs.
Manufacturing,Luxury,email_rev_share,Channel Mix,Email Revenue Share,%,Percentage of total revenue attributed to Email Marketing.,6,12,22,Account management comms.
Wholesale,Budget,cac,Acquisition,Customer Acquisition Cost (CAC),€,Total marketing spend divided by new customers acquired.,60,140,280,Trade show and catalog driven.
Wholesale,Mid-Range,cac,Acquisition,Customer Acquisition Cost (CAC),€,Total marketing spend divided by new customers acquired.,180,400,750,Territory sales investment.
Wholesale,Luxury,cac,Acquisition,Customer Acquisition Cost (CAC),€,Total marketing spend divided by new customers acquired.,500,1200,2800,Enterprise account development.
Wholesale,Budget,roas,Acquisition,Blended ROAS,x,Total revenue divided by total marketing spend.,6.0,10.0,16.0,High volume efficiency.
Wholesale,Mid-Range,roas,Acquisition,Blended ROAS,x,Total revenue divided by total marketing spend.,5.0,8.5,14.0,Repeat orders compound.
Wholesale,Luxury,roas,Acquisition,Blended ROAS,x,Total revenue divided by total marketing spend.,4.0,7.0,12.0,Large account value high.
Wholesale,Budget,marketing_spend,Acquisition,Marketing % of Revenue,%,Total marketing budget as a percentage of gross revenue.,3,6,10,Catalog and trade focus.
Wholesale,Mid-Range,marketing_spend,Acquisition,Marketing % of Revenue,%,Total marketing budget as a percentage of gross revenue.,4,8,13,Territory coverage.
Wholesale,Luxury,marketing_spend,Acquisition,Marketing % of Revenue,%,Total marketing budget as a percentage of gross revenue.,3,6,11,Account management focused.
Wholesale,Budget,conv_rate,Conversion,Account Activation Rate,%,Percentage of new accounts that place first order.,35,50,68,Quick reorder conversion.
Wholesale,Mid-Range,conv_rate,Conversion,Account Activation Rate,%,Percentage of new accounts that place first order.,28,42,58,Account setup conversion.
Wholesale,Luxury,conv_rate,Conversion,Account Activation Rate,%,Percentage of new accounts that place first order.,20,35,50,Large account qualification.
Wholesale,Budget,aov,Conversion,Average Order Value (AOV),€,Average revenue per transaction.,300,600,1100,Small retailer orders.
Wholesale,Mid-Range,aov,Conversion,Average Order Value (AOV),€,Average revenue per transaction.,1000,2500,5000,Regional distributor orders.
Wholesale,Luxury,aov,Conversion,Average Order Value (AOV),€,Average revenue per transaction.,5000,15000,40000,National account orders.
Wholesale,Budget,repeat_rate,Retention,Repeat Account Rate,%,Percentage of accounts that reorder within 12 months.,55,68,80,Regular reorder cycles.
Wholesale,Mid-Range,repeat_rate,Retention,Repeat Account Rate,%,Percentage of accounts that reorder within 12 months.,62,75,86,Supplier relationships stable.
Wholesale,Luxury,repeat_rate,Retention,Repeat Account Rate,%,Percentage of accounts that reorder within 12 months.,70,82,92,Strategic partnerships endure.
Wholesale,Budget,purchase_freq,Retention,Orders per Account,#/yr,Average number of orders per account per year.,8.0,14.0,24.0,Frequent small orders.
Wholesale,Mid-Range,purchase_freq,Retention,Orders per Account,#/yr,Average number of orders per account per year.,6.0,10.0,18.0,Monthly ordering cycles.
Wholesale,Luxury,purchase_freq,Retention,Orders per Account,#/yr,Average number of orders per account per year.,4.0,7.0,12.0,Quarterly to monthly large orders.
Wholesale,Budget,churn_rate,Retention,Annual Account Loss Rate,%,Percentage of accounts that do not reorder within 12 months.,18,28,40,Supplier switching moderate.
Wholesale,Mid-Range,churn_rate,Retention,Annual Account Loss Rate,%,Percentage of accounts that do not reorder within 12 months.,14,22,32,Territory relationships sticky.
Wholesale,Luxury,churn_rate,Retention,Annual Account Loss Rate,%,Percentage of accounts that do not reorder within 12 months.,8,15,24,Strategic partnerships endure.
Wholesale,Budget,return_rate,Economics,Return Rate,%,Percentage of orders with returns.,3,5,9,Damaged goods returns.
Wholesale,Mid-Range,return_rate,Economics,Return Rate,%,Percentage of orders with returns.,2,4,7,Quality issues minimal.
Wholesale,Luxury,return_rate,Economics,Return Rate,%,Percentage of orders with returns.,1,3,5,Premium quality assurance.
Wholesale,Budget,gross_margin,Economics,Gross Margin,%,Revenue minus Cost of Goods Sold (COGS).,15,20,28,Volume pricing thin.
Wholesale,Mid-Range,gross_margin,Economics,Gross Margin,%,Revenue minus Cost of Goods Sold (COGS).,18,25,35,Service value add.
Wholesale,Luxury,gross_margin,Economics,Gross Margin,%,Revenue minus Cost of Goods Sold (COGS).,22,32,45,Strategic value premium.
Wholesale,Budget,ltv_cac,Strategic Efficiency,LTV:CAC Ratio,x,Lifetime Value divided by Customer Acquisition Cost.,5.0,8.0,13.0,Volume relationships valuable.
Wholesale,Mid-Range,ltv_cac,Strategic Efficiency,LTV:CAC Ratio,x,Lifetime Value divided by Customer Acquisition Cost.,6.0,10.0,16.0,Territory development compounds.
Wholesale,Luxury,ltv_cac,Strategic Efficiency,LTV:CAC Ratio,x,Lifetime Value divided by Customer Acquisition Cost.,8.0,14.0,24.0,National accounts exceptional LTV.
Wholesale,Budget,mer,Strategic Efficiency,Marketing Efficiency Ratio (MER),x,Total Revenue / Total Marketing Spend.,10.0,16.0,26.0,High volume efficiency.
Wholesale,Mid-Range,mer,Strategic Efficiency,Marketing Efficiency Ratio (MER),x,Total Revenue / Total Marketing Spend.,9.0,14.0,22.0,Territory efficiency.
Wholesale,Luxury,mer,Strategic Efficiency,Marketing Efficiency Ratio (MER),x,Total Revenue / Total Marketing Spend.,10.0,16.0,26.0,Large account efficiency.
Wholesale,Budget,email_rev_share,Channel Mix,Email Revenue Share,%,Percentage of total revenue attributed to Email Marketing.,15,24,35,Promotion and catalog emails.
Wholesale,Mid-Range,email_rev_share,Channel Mix,Email Revenue Share,%,Percentage of total revenue attributed to Email Marketing.,12,20,30,New product and pricing.
Wholesale,Luxury,email_rev_share,Channel Mix,Email Revenue Share,%,Percentage of total revenue attributed to Email Marketing.,8,14,24,Account management comms.
