vendor_id,type,theme,description,weight,source_url
brevo,pro,Omnichannel,All-in-one platform combining email SMS WhatsApp and push notifications in one solution,5,
brevo,pro,Ease of Use,Intuitive interface praised by beginners and experienced marketers alike,5,
brevo,pro,Value for Money,Competitive pricing with generous free tier (300 emails/day) ideal for SMBs,5,
brevo,pro,Automation,Visual workflow builder with behavioral triggers and smart automation,4,
brevo,pro,SMS & WhatsApp,Native SMS and WhatsApp integration unique at this price point,4,
brevo,con,Advanced Automation,Automation features less advanced than enterprise-focused competitors,3,
brevo,con,Enterprise Features,May lack some advanced features needed by large organizations,3,
brevo,con,Reporting,Analytics less sophisticated than dedicated BI tools,2,
splio,pro,Loyalty & CRM,Strong focus on customer loyalty programs and CRM marketing,5,
splio,pro,Retail Expertise,Deep expertise in retail and customer retention strategies,4,
splio,pro,Automation,Advanced marketing automation for customer lifecycle,4,
splio,pro,Local Support,French-speaking support and local market expertise,4,
splio,con,Dated Interface,User interface feels dated compared to modern tools,4,
splio,con,Learning Curve,Complex platform requires significant training,3,
splio,con,International,Limited presence outside French-speaking markets,3,
actito,pro,Feature Rich,Comprehensive feature set for B2C and B2B marketing,5,
actito,pro,Responsive Support,Highly praised customer support and implementation team,5,
actito,pro,Fast Implementation,Quick deployment compared to enterprise alternatives,4,
actito,con,Complex UX,User experience can be overwhelming for new users,4,
actito,con,Limited Integrations,Fewer native integrations than major platforms,3,
actito,con,International Presence,Limited market presence outside Belgium and France,3,
emarsys,pro,E-commerce Excellence,Best-in-class e-commerce marketing capabilities,5,
emarsys,pro,Advanced Segmentation,Powerful customer segmentation with AI assistance,5,
emarsys,pro,AI Recommendations,SAP-powered AI product recommendations,5,
emarsys,pro,Omnichannel,True omnichannel orchestration across channels,4,
emarsys,pro,High Volume,Handles very large data volumes efficiently,4,
emarsys,con,Technical Interface,Interface can be technical and complex,4,
emarsys,con,Complex Integration,Integration and setup requires technical resources,4,
emarsys,con,Expensive,Enterprise pricing not suitable for smaller companies,3,
braze,pro,Mobile First,Industry-leading mobile push and in-app messaging,5,
braze,pro,Push Notifications,Best-in-class push notification capabilities,5,
braze,pro,In-App Messaging,Powerful in-app messaging for mobile engagement,5,
braze,pro,Real-Time,Real-time behavioral segmentation and triggers,5,
braze,pro,Support,Excellent customer success and support team,4,
braze,con,Steep Learning Curve,Complex platform requires significant learning investment,4,
braze,con,No Native Email Builder,Email builder less sophisticated than email-focused tools,3,
braze,con,Expensive,High entry price point (starting ~$60k/year),5,
np6,pro,Deliverability,Excellent email deliverability expertise and reputation,5,
np6,pro,Data Marketing,Strong data marketing and CDP capabilities,4,
np6,pro,French Support,Native French-speaking support and local expertise,4,
np6,con,Dated Interface,User interface has not kept pace with modern standards,4,
np6,con,Limited Innovation,Slower feature innovation compared to competitors,4,
np6,con,Closed Ecosystem,Limited integration options outside core platform,3,
selligent,pro,Omnichannel,Unified omnichannel customer database and activation,5,
selligent,pro,Unified Database,Strong unified customer view capabilities,4,
selligent,pro,Deliverability,Good email deliverability reputation,4,
selligent,pro,Intuitive Editor,User-friendly email and content editor,4,
selligent,con,Heavy Implementation,Complex and lengthy implementation process,4,
selligent,con,Limited Analytics,Analytics and reporting could be more advanced,3,
selligent,con,Small Community,Smaller user community than major platforms,3,
salesforce-marketing-cloud,pro,Powerful Platform,Complete enterprise marketing cloud capabilities,5,
salesforce-marketing-cloud,pro,Einstein AI,Advanced AI features for personalization and optimization,5,
salesforce-marketing-cloud,pro,Salesforce Integration,Native integration with Salesforce CRM ecosystem,5,
salesforce-marketing-cloud,con,Complexity,Steep learning curve and complex configuration,5,
salesforce-marketing-cloud,con,Expensive,High cost of ownership including implementation,5,
salesforce-marketing-cloud,con,Long Deployment,Extended implementation timeline,4,
adobe-campaign,pro,Powerful Campaigns,Advanced cross-channel campaign orchestration,5,
adobe-campaign,pro,Flexibility,Highly flexible and customizable platform,4,
adobe-campaign,pro,Large Databases,Handles massive customer databases efficiently,4,
adobe-campaign,con,Non-Intuitive,Interface not user-friendly for marketers,5,
adobe-campaign,con,Complex Setup,Requires significant technical resources to implement,5,
adobe-campaign,con,Variable Support,Support quality can be inconsistent,3,
scale,pro,Unified Data,Excellent customer data unification capabilities,5,
scale,pro,Personalization,Strong personalization engine powered by CDP,4,
scale,pro,Responsive Support,Fast and helpful customer support team,4,
scale,con,Young Platform,Relatively new platform with evolving features,4,
scale,con,Limited Notoriety,Less market recognition than established players,3,
scale,con,Limited Integrations,Growing but still limited integration ecosystem,3,
1by1,pro,Hyper Personalization,Unique 1-to-1 personalization approach,5,
1by1,pro,Marketing Consulting,Strong strategic consulting alongside technology,4,
1by1,pro,High ROI,Clients report strong return on investment,4,
1by1,con,Niche Positioning,Very specialized positioning limits use cases,4,
1by1,con,Minimal Interface,Sparse interface focuses on functionality over UX,3,
1by1,con,Limited Features,Feature set narrower than broader platforms,3,
pardot,pro,Salesforce Integration,Deep native integration with Salesforce CRM,5,
pardot,pro,B2B Automation,Purpose-built for B2B marketing automation,5,
pardot,pro,Lead Scoring,Sophisticated lead scoring with Einstein AI,5,
pardot,pro,Enterprise Security,Enterprise-grade security and compliance,4,
pardot,con,Expensive,High cost especially for smaller B2B teams,4,
pardot,con,Dated Interface,Interface feels dated compared to modern tools,4,
pardot,con,Learning Curve,Significant training required for full utilization,3,
hubspot,pro,Intuitive Interface,Highly praised user-friendly interface,5,
hubspot,pro,All-in-One,Complete marketing sales and service platform,5,
hubspot,pro,Visual Workflows,Easy-to-use visual workflow automation,4,
hubspot,pro,HubSpot Academy,Excellent educational resources and certifications,4,
hubspot,pro,Support,Strong customer support and success team,4,
hubspot,con,Pricing at Scale,Costs increase significantly with contacts,4,
hubspot,con,Features Gated,Advanced features locked in higher tiers,3,
hubspot,con,Limited Reporting,Reporting less flexible than dedicated BI tools,3,
dolist,pro,Deliverability Expertise,Deep expertise in email deliverability,5,
dolist,pro,Local Support,French-speaking support and local expertise,4,
dolist,pro,Simplicity,Simple straightforward email marketing,4,
dolist,con,Limited Automation,Basic automation compared to modern platforms,4,
dolist,con,Dated Interface,Interface needs modernization,4,
dolist,con,International,Limited international presence and features,3,
dialog-insight,pro,Bilingual Support,Native French and English speaking support,4,
dialog-insight,pro,Easy Segmentation,User-friendly segmentation capabilities,4,
dialog-insight,pro,Value,Good value for SMBs and mid-market,4,
dialog-insight,con,Slow Updates,Feature updates slower than competitors,3,
dialog-insight,con,Missing Integrations,Key integrations missing from platform,3,
dialog-insight,con,Basic Reporting,Reporting capabilities are basic,3,
acoustic,pro,Robust Email,Solid email marketing platform with IBM heritage,4,
acoustic,pro,Automation,Good automation capabilities,4,
acoustic,pro,IBM Ecosystem,Integrates with IBM product ecosystem,3,
acoustic,con,Dated Interface,Interface feels dated and clunky,4,
acoustic,con,Declining Innovation,Slower innovation since IBM spin-off,4,
acoustic,con,Shrinking Community,Smaller community as market share declines,3,
magnews,pro,Italian Market,Well-adapted to Italian market needs,4,
magnews,pro,Local Support,Native Italian-speaking support,4,
magnews,pro,Responsive,Fast customer support response times,4,
magnews,con,International Limits,Limited outside Italian market,4,
magnews,con,No AI,Lacks AI features common in competitors,4,
magnews,con,Modest Integrations,Limited integration ecosystem,3,
blueshift,pro,AI Personalization,Advanced AI-powered personalization engine,5,
blueshift,pro,CDP Capabilities,Strong customer data platform features,5,
blueshift,pro,Omnichannel,True omnichannel activation from unified data,5,
blueshift,pro,Proactive Support,Proactive customer success team,4,
blueshift,con,Technical Requirements,Requires technical resources for implementation,4,
blueshift,con,Non-Technical UX,Interface not ideal for non-technical marketers,3,
blueshift,con,Expensive,Enterprise pricing not suitable for SMBs,4,
activecampaign,pro,Powerful Automation,Industry-leading automation capabilities,5,
activecampaign,pro,Segmentation,Excellent segmentation and targeting,5,
activecampaign,pro,Integrations,900+ native integrations available,5,
activecampaign,pro,CRM,Built-in CRM with sales features,4,
activecampaign,con,Busy Interface,Interface can feel cluttered and busy,4,
activecampaign,con,Pricing Scales,Costs grow significantly with features,3,
activecampaign,con,Limited Reporting,Reporting less comprehensive than dedicated tools,3,
activetrail,pro,Simple,Easy to use for basic email marketing,4,
activetrail,pro,Effective,Gets the job done for simple campaigns,4,
activetrail,pro,Value,Good value for small businesses,4,
activetrail,pro,French Interface,Native French language interface,3,
activetrail,con,Basic Automation,Automation features are basic,4,
activetrail,con,Limited Design,Template and design options limited,3,
activetrail,con,Rare Integrations,Few native integrations available,3,
plezi,pro,Inbound B2B,Purpose-built for B2B inbound marketing,5,
plezi,pro,Ready Templates,Pre-built campaign templates ready to use,4,
plezi,pro,French Support,Native French-speaking support team,4,
plezi,con,Limited Multichannel,Focused on email lacks other channels,4,
plezi,con,Limited Integrations,Integration ecosystem still growing,3,
plezi,con,Limited ROI Analytics,ROI attribution features limited,3,
webmecanik,pro,Open Source,Built on Mautic open-source flexibility,5,
webmecanik,pro,Flexible,Highly customizable for specific needs,4,
webmecanik,pro,Transparent Pricing,Clear predictable pricing model,4,
webmecanik,pro,Agencies,Great for agencies managing multiple accounts,4,
webmecanik,con,Technical Requirements,Requires technical expertise to manage,4,
webmecanik,con,Less Polished,Interface less polished than commercial tools,3,
webmecanik,con,Mautic Dependent,Limited by Mautic open-source ecosystem,3,
act-on,pro,User Friendly,Easy to use for non-technical marketers,4,
act-on,pro,Lead Nurturing,Strong B2B lead nurturing capabilities,4,
act-on,pro,Responsive Support,Helpful and responsive support team,4,
act-on,con,Fewer Integrations,Integration ecosystem smaller than leaders,3,
act-on,con,Limited Personalization,Advanced personalization features lacking,3,
act-on,con,Smaller Ecosystem,Less third-party resources available,3,
mailchimp,pro,Ease of Use,Very beginner-friendly interface,5,
mailchimp,pro,Free Tier,Generous free tier for small senders,4,
mailchimp,pro,Templates,Large library of email templates,4,
mailchimp,pro,Integrations,Many integrations available,4,
mailchimp,con,Basic Automation,Automation less powerful than alternatives,4,
mailchimp,con,Limited Segmentation,Segmentation options more limited,4,
mailchimp,con,Paid Support,Support requires paid plan,3,
zeta,pro,First Party Data,Vast identity graph for intent targeting,5,
zeta,pro,AI Personalization,Advanced AI-powered personalization,5,
zeta,pro,Enterprise Complete,Complete enterprise marketing solution,5,
zeta,con,Complex,Complex platform requires dedicated team,5,
zeta,con,Expensive,High cost of entry and ownership,5,
zeta,con,Large Accounts Only,Not suitable for smaller companies,4,
getresponse,pro,All-in-One,Email automation webinars and landing pages,4,
getresponse,pro,Value,Good value for features provided,4,
getresponse,pro,Email Editor,User-friendly email editor,4,
getresponse,pro,Webinars,Built-in webinar functionality unique,4,
getresponse,con,Dated Interface,Interface design needs modernization,4,
getresponse,con,Variable Support,Support quality can be inconsistent,3,
getresponse,con,Limited Segmentation,Advanced segmentation options limited,3,
ortto,pro,Visual Workflows,Intuitive visual workflow builder,5,
ortto,pro,Intuitive,Very easy to learn and use,5,
ortto,pro,Growth Hacking,Great for startups and growth teams,4,
ortto,pro,Design,Beautiful modern interface design,4,
ortto,con,Not Enterprise Scale,May not scale for enterprise needs,3,
ortto,con,Limited Outside Workflows,Capabilities limited outside automation,3,
ortto,con,Timezone Support,Support availability limited by timezone,3,
benchmark-email,pro,Easy Newsletters,Simple newsletter creation,4,
benchmark-email,pro,French Interface,Native French language support,3,
benchmark-email,pro,Affordable,Attractive pricing for small senders,4,
benchmark-email,con,No Automation,Lacks true marketing automation,5,
benchmark-email,con,Fewer Templates,Template library smaller than competitors,3,
benchmark-email,con,No Recent Updates,Platform updates infrequent,3,
mapp-cloud,pro,Unified Platform,Analytics and marketing in one platform,4,
mapp-cloud,pro,Mobile Marketing,Strong mobile marketing capabilities,4,
mapp-cloud,pro,Good Support,Responsive customer support team,4,
mapp-cloud,con,Lagging Interface,Interface behind modern competitors,4,
mapp-cloud,con,Lower Notoriety,Less recognized brand in market,3,
mapp-cloud,con,Heavy Implementation,Complex implementation process,3,
oracle-responsys,pro,High Scale,Handles massive email volumes efficiently,5,
oracle-responsys,pro,Oracle Integration,Deep Oracle CX ecosystem integration,5,
oracle-responsys,pro,Multi-Channel,Complete multi-channel orchestration,4,
oracle-responsys,con,Steep Learning Curve,Complex platform requires extensive training,5,
oracle-responsys,con,Legacy UX,Interface feels dated and complex,4,
oracle-responsys,con,Not Agile,Slow to implement changes and updates,4,
oracle-eloqua,pro,B2B Powerful,Enterprise-grade B2B marketing automation,5,
oracle-eloqua,pro,Lead Scoring,Sophisticated lead scoring capabilities,5,
oracle-eloqua,pro,CRM Integration,Deep CRM integrations available,5,
oracle-eloqua,pro,Large Community,Active user community and resources,4,
oracle-eloqua,con,Complex Interface,Interface complexity frustrates users,5,
oracle-eloqua,con,Dedicated Team Required,Requires dedicated administrator,4,
oracle-eloqua,con,Expensive,High total cost of ownership,4,
makesbridge,pro,All-in-One,Email pages and tracking in one tool,4,
makesbridge,pro,Simple,Easy to use for basic needs,4,
makesbridge,pro,Responsive Support,Quick helpful customer support,4,
makesbridge,con,Unknown Interface,Limited documentation and resources,4,
makesbridge,con,No AI,Lacks AI and advanced features,3,
makesbridge,con,Salesforce Focus,Best suited for Salesforce users only,3,
salesmanago,pro,E-commerce Complete,Comprehensive e-commerce marketing,5,
salesmanago,pro,Rapid Evolution,Platform evolving quickly with new features,4,
salesmanago,pro,Value,Competitive pricing for features,4,
salesmanago,con,Dense Interface,Feature-rich interface can be overwhelming,4,
salesmanago,con,Occasional Bugs,Some features can be buggy,3,
salesmanago,con,Variable Support,Support quality can vary,3,
iterable,pro,Cross-Channel,Excellent cross-channel orchestration,5,
iterable,pro,Flexible Workflows,Very flexible workflow builder,5,
iterable,pro,Good CSM,Strong customer success management,4,
iterable,con,Expensive,High price point for smaller companies,4,
iterable,con,Technical Required,Technical expertise needed for setup,4,
iterable,con,No Native CRM,Lacks built-in CRM capabilities,3,
sendlane,pro,E-commerce Ready,Pre-built e-commerce workflows,5,
sendlane,pro,Simple,Easy to use interface,4,
sendlane,pro,Concierge Support,High-touch onboarding support,4,
sendlane,con,Fewer Templates,Limited template library,3,
sendlane,con,No Lead Scoring,Lacks lead scoring features,3,
sendlane,con,Smaller Integrations,Integration ecosystem limited,3,
klaviyo,pro,E-commerce,Best-in-class e-commerce marketing,5,
klaviyo,pro,Segmentation,Extremely powerful behavioral segmentation,5,
klaviyo,pro,Analytics,Excellent revenue attribution and analytics,5,
klaviyo,pro,Shopify Integration,Deep native Shopify integration,5,
klaviyo,con,Pricing at Scale,Costs increase significantly with growth,4,
klaviyo,con,Learning Curve,Advanced features require time to master,3,
